
  .   ____          _            __ _ _
 /\\ / ___'_ __ _ _(_)_ __  __ _ \ \ \ \
( ( )\___ | '_ | '_| | '_ \/ _` | \ \ \ \
 \\/  ___)| |_)| | | | | || (_| |  ) ) ) )
  '  |____| .__|_| |_|_| |_\__, | / / / /
 =========|_|==============|___/=/_/_/_/
 :: Spring Boot ::               (v2.7.18)

2026-05-07 13:38:02.357  INFO 30008 --- [           main] c.c.b.CampusBookShareApplication         : Starting CampusBookShareApplication v0.0.1-SNAPSHOT using Java 17.0.12 on XiangChen with PID 30008 (E:\campus-book-share\backend\target\campus-book-share-backend-0.0.1-SNAPSHOT.jar started by xccod in E:\campus-book-share\backend)
2026-05-07 13:38:02.362  INFO 30008 --- [           main] c.c.b.CampusBookShareApplication         : No active profile set, falling back to 1 default profile: "default"
2026-05-07 13:38:02.362 DEBUG 30008 --- [           main] o.s.boot.SpringApplication               : Loading source class com.campus.bookshare.CampusBookShareApplication
2026-05-07 13:38:02.448 DEBUG 30008 --- [           main] ConfigServletWebServerApplicationContext : Refreshing org.springframework.boot.web.servlet.context.AnnotationConfigServletWebServerApplicationContext@11dc3715
2026-05-07 13:38:04.721 DEBUG 30008 --- [           main] .s.b.w.e.t.TomcatServletWebServerFactory : Code archive: E:\campus-book-share\backend\target\campus-book-share-backend-0.0.1-SNAPSHOT.jar
2026-05-07 13:38:04.722 DEBUG 30008 --- [           main] .s.b.w.e.t.TomcatServletWebServerFactory : Code archive: E:\campus-book-share\backend\target\campus-book-share-backend-0.0.1-SNAPSHOT.jar
2026-05-07 13:38:04.722 DEBUG 30008 --- [           main] .s.b.w.e.t.TomcatServletWebServerFactory : None of the document roots [src/main/webapp, public, static] point to a directory and will be ignored.
2026-05-07 13:38:04.758  INFO 30008 --- [           main] o.s.b.w.embedded.tomcat.TomcatWebServer  : Tomcat initialized with port(s): 8080 (http)
2026-05-07 13:38:04.759  INFO 30008 --- [           main] o.a.catalina.core.AprLifecycleListener   : Loaded Apache Tomcat Native library [1.3.0] using APR version [1.7.4].
2026-05-07 13:38:04.760  INFO 30008 --- [           main] o.a.catalina.core.AprLifecycleListener   : APR capabilities: IPv6 [true], sendfile [true], accept filters [false], random [true], UDS [true].
2026-05-07 13:38:04.760  INFO 30008 --- [           main] o.a.catalina.core.AprLifecycleListener   : APR/OpenSSL configuration: useAprConnector [false], useOpenSSL [true]
2026-05-07 13:38:04.767  INFO 30008 --- [           main] o.a.catalina.core.AprLifecycleListener   : OpenSSL successfully initialized [OpenSSL 3.0.13 30 Jan 2024]
2026-05-07 13:38:04.781  INFO 30008 --- [           main] o.apache.catalina.core.StandardService   : Starting service [Tomcat]
2026-05-07 13:38:04.781  INFO 30008 --- [           main] org.apache.catalina.core.StandardEngine  : Starting Servlet engine: [Apache Tomcat/9.0.83]
2026-05-07 13:38:04.900  INFO 30008 --- [           main] o.a.c.c.C.[Tomcat].[localhost].[/]       : Initializing Spring embedded WebApplicationContext
2026-05-07 13:38:04.901 DEBUG 30008 --- [           main] w.s.c.ServletWebServerApplicationContext : Published root WebApplicationContext as ServletContext attribute with name [org.springframework.web.context.WebApplicationContext.ROOT]
2026-05-07 13:38:04.901  INFO 30008 --- [           main] w.s.c.ServletWebServerApplicationContext : Root WebApplicationContext: initialization completed in 2453 ms
2026-05-07 13:38:04.943 DEBUG 30008 --- [           main] o.s.b.w.s.ServletContextInitializerBeans : Mapping filters: springSecurityFilterChain urls=[/*] order=-100, filterRegistrationBean urls=[/*] order=2147483647, characterEncodingFilter urls=[/*] order=-2147483648, formContentFilter urls=[/*] order=-9900, requestContextFilter urls=[/*] order=-105
2026-05-07 13:38:04.944 DEBUG 30008 --- [           main] o.s.b.w.s.ServletContextInitializerBeans : Mapping servlets: dispatcherServlet urls=[/]
2026-05-07 13:38:04.978 DEBUG 30008 --- [           main] o.s.b.w.s.f.OrderedRequestContextFilter  : Filter 'requestContextFilter' configured for use
2026-05-07 13:38:04.978 DEBUG 30008 --- [           main] s.b.w.s.f.OrderedCharacterEncodingFilter : Filter 'characterEncodingFilter' configured for use
2026-05-07 13:38:04.978 DEBUG 30008 --- [           main] .DelegatingFilterProxyRegistrationBean$1 : Filter 'springSecurityFilterChain' configured for use
2026-05-07 13:38:04.978 DEBUG 30008 --- [           main] o.s.b.w.s.f.OrderedFormContentFilter     : Filter 'formContentFilter' configured for use
Logging initialized using 'class org.apache.ibatis.logging.stdout.StdOutImpl' adapter.
Initialization Sequence datacenterId:4 workerId:7
 _ _   |_  _ _|_. ___ _ |    _ 
| | |\/|_)(_| | |_\  |_)||_|_\ 
     /               |         
                        3.5.5 
2026-05-07 13:38:06.483  WARN 30008 --- [           main] .s.s.UserDetailsServiceAutoConfiguration : 

Using generated security password: 26ebbef2-375b-4696-9295-25f66eabf60e

This generated password is for development use only. Your security configuration must be updated before running your application in production.

2026-05-07 13:38:06.849 DEBUG 30008 --- [           main] s.w.s.m.m.a.RequestMappingHandlerMapping : 47 mappings in 'requestMappingHandlerMapping'
2026-05-07 13:38:06.909 DEBUG 30008 --- [           main] o.s.b.a.AutoConfigurationPackages        : @EnableAutoConfiguration was declared on a class in the package 'com.campus.bookshare'. Automatic @Repository and @Entity scanning is enabled.
2026-05-07 13:38:07.025 DEBUG 30008 --- [           main] o.s.w.s.handler.SimpleUrlHandlerMapping  : Patterns [/webjars/**, /**] in 'resourceHandlerMapping'
2026-05-07 13:38:07.084  INFO 30008 --- [           main] o.s.s.web.DefaultSecurityFilterChain     : Will secure any request with [org.springframework.security.web.session.DisableEncodeUrlFilter@1968a49c, org.springframework.security.web.context.request.async.WebAsyncManagerIntegrationFilter@6a1ebcff, org.springframework.security.web.context.SecurityContextPersistenceFilter@641856, org.springframework.security.web.header.HeaderWriterFilter@2cd2c8fe, org.springframework.web.filter.CorsFilter@19868320, org.springframework.security.web.authentication.logout.LogoutFilter@7fe083b1, org.springframework.security.web.savedrequest.RequestCacheAwareFilter@2f66e802, org.springframework.security.web.servletapi.SecurityContextHolderAwareRequestFilter@56b78e55, org.springframework.security.web.authentication.AnonymousAuthenticationFilter@50b0bc4c, org.springframework.security.web.session.SessionManagementFilter@2427e004, org.springframework.security.web.access.ExceptionTranslationFilter@21ca139c, org.springframework.security.web.access.intercept.FilterSecurityInterceptor@4b770e40]
2026-05-07 13:38:07.169 DEBUG 30008 --- [           main] s.w.s.m.m.a.RequestMappingHandlerAdapter : ControllerAdvice beans: 0 @ModelAttribute, 0 @InitBinder, 1 RequestBodyAdvice, 1 ResponseBodyAdvice
2026-05-07 13:38:07.244 DEBUG 30008 --- [           main] .m.m.a.ExceptionHandlerExceptionResolver : ControllerAdvice beans: 1 @ExceptionHandler, 1 ResponseBodyAdvice
2026-05-07 13:38:07.457  INFO 30008 --- [           main] o.s.b.w.embedded.tomcat.TomcatWebServer  : Tomcat started on port(s): 8080 (http) with context path ''
2026-05-07 13:38:07.478 DEBUG 30008 --- [           main] ConditionEvaluationReportLoggingListener : 


============================
CONDITIONS EVALUATION REPORT
============================


Positive matches:
-----------------

   AopAutoConfiguration matched:
      - @ConditionalOnProperty (spring.aop.auto=true) matched (OnPropertyCondition)

   AopAutoConfiguration.ClassProxyingConfiguration matched:
      - @ConditionalOnMissingClass did not find unwanted class 'org.aspectj.weaver.Advice' (OnClassCondition)
      - @ConditionalOnProperty (spring.aop.proxy-target-class=true) matched (OnPropertyCondition)

   ApplicationAvailabilityAutoConfiguration#applicationAvailability matched:
      - @ConditionalOnMissingBean (types: org.springframework.boot.availability.ApplicationAvailability; SearchStrategy: all) did not find any beans (OnBeanCondition)

   DataSourceAutoConfiguration matched:
      - @ConditionalOnClass found required classes 'javax.sql.DataSource', 'org.springframework.jdbc.datasource.embedded.EmbeddedDatabaseType' (OnClassCondition)
      - @ConditionalOnMissingBean (types: io.r2dbc.spi.ConnectionFactory; SearchStrategy: all) did not find any beans (OnBeanCondition)

   DataSourceAutoConfiguration.PooledDataSourceConfiguration matched:
      - AnyNestedCondition 1 matched 1 did not; NestedCondition on DataSourceAutoConfiguration.PooledDataSourceCondition.PooledDataSourceAvailable PooledDataSource found supported DataSource; NestedCondition on DataSourceAutoConfiguration.PooledDataSourceCondition.ExplicitType @ConditionalOnProperty (spring.datasource.type) did not find property 'type' (DataSourceAutoConfiguration.PooledDataSourceCondition)
      - @ConditionalOnMissingBean (types: javax.sql.DataSource,javax.sql.XADataSource; SearchStrategy: all) did not find any beans (OnBeanCondition)

   DataSourceConfiguration.Hikari matched:
      - @ConditionalOnClass found required class 'com.zaxxer.hikari.HikariDataSource' (OnClassCondition)
      - @ConditionalOnProperty (spring.datasource.type=com.zaxxer.hikari.HikariDataSource) matched (OnPropertyCondition)
      - @ConditionalOnMissingBean (types: javax.sql.DataSource; SearchStrategy: all) did not find any beans (OnBeanCondition)

   DataSourceInitializationConfiguration matched:
      - @ConditionalOnClass found required class 'org.springframework.jdbc.datasource.init.DatabasePopulator' (OnClassCondition)
      - @ConditionalOnSingleCandidate (types: javax.sql.DataSource; SearchStrategy: all) found a single bean 'dataSource'; @ConditionalOnMissingBean (types: org.springframework.boot.autoconfigure.sql.init.SqlDataSourceScriptDatabaseInitializer,org.springframework.boot.autoconfigure.sql.init.SqlR2dbcScriptDatabaseInitializer; SearchStrategy: all) did not find any beans (OnBeanCondition)

   DataSourceJmxConfiguration matched:
      - @ConditionalOnProperty (spring.jmx.enabled=true) matched (OnPropertyCondition)

   DataSourceJmxConfiguration.Hikari matched:
      - @ConditionalOnClass found required class 'com.zaxxer.hikari.HikariDataSource' (OnClassCondition)
      - @ConditionalOnSingleCandidate (types: javax.sql.DataSource; SearchStrategy: all) found a single bean 'dataSource' (OnBeanCondition)

   DataSourcePoolMetadataProvidersConfiguration.HikariPoolDataSourceMetadataProviderConfiguration matched:
      - @ConditionalOnClass found required class 'com.zaxxer.hikari.HikariDataSource' (OnClassCondition)

   DataSourceTransactionManagerAutoConfiguration matched:
      - @ConditionalOnClass found required classes 'org.springframework.jdbc.core.JdbcTemplate', 'org.springframework.transaction.TransactionManager' (OnClassCondition)

   DataSourceTransactionManagerAutoConfiguration.JdbcTransactionManagerConfiguration matched:
      - @ConditionalOnSingleCandidate (types: javax.sql.DataSource; SearchStrategy: all) found a single bean 'dataSource' (OnBeanCondition)

   DataSourceTransactionManagerAutoConfiguration.JdbcTransactionManagerConfiguration#transactionManager matched:
      - @ConditionalOnMissingBean (types: org.springframework.transaction.TransactionManager; SearchStrategy: all) did not find any beans (OnBeanCondition)

   DispatcherServletAutoConfiguration matched:
      - @ConditionalOnClass found required class 'org.springframework.web.servlet.DispatcherServlet' (OnClassCondition)
      - found 'session' scope (OnWebApplicationCondition)

   DispatcherServletAutoConfiguration.DispatcherServletConfiguration matched:
      - @ConditionalOnClass found required class 'javax.servlet.ServletRegistration' (OnClassCondition)
      - Default DispatcherServlet did not find dispatcher servlet beans (DispatcherServletAutoConfiguration.DefaultDispatcherServletCondition)

   DispatcherServletAutoConfiguration.DispatcherServletRegistrationConfiguration matched:
      - @ConditionalOnClass found required class 'javax.servlet.ServletRegistration' (OnClassCondition)
      - DispatcherServlet Registration did not find servlet registration bean (DispatcherServletAutoConfiguration.DispatcherServletRegistrationCondition)

   DispatcherServletAutoConfiguration.DispatcherServletRegistrationConfiguration#dispatcherServletRegistration matched:
      - @ConditionalOnBean (names: dispatcherServlet types: org.springframework.web.servlet.DispatcherServlet; SearchStrategy: all) found bean 'dispatcherServlet' (OnBeanCondition)

   EmbeddedWebServerFactoryCustomizerAutoConfiguration matched:
      - @ConditionalOnWebApplication (required) found 'session' scope (OnWebApplicationCondition)
      - @ConditionalOnWarDeployment the application is not deployed as a WAR file. (OnWarDeploymentCondition)

   EmbeddedWebServerFactoryCustomizerAutoConfiguration.TomcatWebServerFactoryCustomizerConfiguration matched:
      - @ConditionalOnClass found required classes 'org.apache.catalina.startup.Tomcat', 'org.apache.coyote.UpgradeProtocol' (OnClassCondition)

   ErrorMvcAutoConfiguration matched:
      - @ConditionalOnClass found required classes 'javax.servlet.Servlet', 'org.springframework.web.servlet.DispatcherServlet' (OnClassCondition)
      - found 'session' scope (OnWebApplicationCondition)

   ErrorMvcAutoConfiguration#basicErrorController matched:
      - @ConditionalOnMissingBean (types: org.springframework.boot.web.servlet.error.ErrorController; SearchStrategy: current) did not find any beans (OnBeanCondition)

   ErrorMvcAutoConfiguration#errorAttributes matched:
      - @ConditionalOnMissingBean (types: org.springframework.boot.web.servlet.error.ErrorAttributes; SearchStrategy: current) did not find any beans (OnBeanCondition)

   ErrorMvcAutoConfiguration.DefaultErrorViewResolverConfiguration#conventionErrorViewResolver matched:
      - @ConditionalOnBean (types: org.springframework.web.servlet.DispatcherServlet; SearchStrategy: all) found bean 'dispatcherServlet'; @ConditionalOnMissingBean (types: org.springframework.boot.autoconfigure.web.servlet.error.ErrorViewResolver; SearchStrategy: all) did not find any beans (OnBeanCondition)

   ErrorMvcAutoConfiguration.WhitelabelErrorViewConfiguration matched:
      - @ConditionalOnProperty (server.error.whitelabel.enabled) matched (OnPropertyCondition)
      - ErrorTemplate Missing did not find error template view (ErrorMvcAutoConfiguration.ErrorTemplateMissingCondition)

   ErrorMvcAutoConfiguration.WhitelabelErrorViewConfiguration#beanNameViewResolver matched:
      - @ConditionalOnMissingBean (types: org.springframework.web.servlet.view.BeanNameViewResolver; SearchStrategy: all) did not find any beans (OnBeanCondition)

   ErrorMvcAutoConfiguration.WhitelabelErrorViewConfiguration#defaultErrorView matched:
      - @ConditionalOnMissingBean (names: error; SearchStrategy: all) did not find any beans (OnBeanCondition)

   GenericCacheConfiguration matched:
      - Cache org.springframework.boot.autoconfigure.cache.GenericCacheConfiguration automatic cache type (CacheCondition)

   HttpEncodingAutoConfiguration matched:
      - @ConditionalOnClass found required class 'org.springframework.web.filter.CharacterEncodingFilter' (OnClassCondition)
      - found 'session' scope (OnWebApplicationCondition)
      - @ConditionalOnProperty (server.servlet.encoding.enabled) matched (OnPropertyCondition)

   HttpEncodingAutoConfiguration#characterEncodingFilter matched:
      - @ConditionalOnMissingBean (types: org.springframework.web.filter.CharacterEncodingFilter; SearchStrategy: all) did not find any beans (OnBeanCondition)

   HttpMessageConvertersAutoConfiguration matched:
      - @ConditionalOnClass found required class 'org.springframework.http.converter.HttpMessageConverter' (OnClassCondition)
      - NoneNestedConditions 0 matched 1 did not; NestedCondition on HttpMessageConvertersAutoConfiguration.NotReactiveWebApplicationCondition.ReactiveWebApplication did not find reactive web application classes (HttpMessageConvertersAutoConfiguration.NotReactiveWebApplicationCondition)

   HttpMessageConvertersAutoConfiguration#messageConverters matched:
      - @ConditionalOnMissingBean (types: org.springframework.boot.autoconfigure.http.HttpMessageConverters; SearchStrategy: all) did not find any beans (OnBeanCondition)

   HttpMessageConvertersAutoConfiguration.StringHttpMessageConverterConfiguration matched:
      - @ConditionalOnClass found required class 'org.springframework.http.converter.StringHttpMessageConverter' (OnClassCondition)

   HttpMessageConvertersAutoConfiguration.StringHttpMessageConverterConfiguration#stringHttpMessageConverter matched:
      - @ConditionalOnMissingBean (types: org.springframework.http.converter.StringHttpMessageConverter; SearchStrategy: all) did not find any beans (OnBeanCondition)

   JacksonAutoConfiguration matched:
      - @ConditionalOnClass found required class 'com.fasterxml.jackson.databind.ObjectMapper' (OnClassCondition)

   JacksonAutoConfiguration.Jackson2ObjectMapperBuilderCustomizerConfiguration matched:
      - @ConditionalOnClass found required class 'org.springframework.http.converter.json.Jackson2ObjectMapperBuilder' (OnClassCondition)

   JacksonAutoConfiguration.JacksonObjectMapperBuilderConfiguration matched:
      - @ConditionalOnClass found required class 'org.springframework.http.converter.json.Jackson2ObjectMapperBuilder' (OnClassCondition)

   JacksonAutoConfiguration.JacksonObjectMapperBuilderConfiguration#jacksonObjectMapperBuilder matched:
      - @ConditionalOnMissingBean (types: org.springframework.http.converter.json.Jackson2ObjectMapperBuilder; SearchStrategy: all) did not find any beans (OnBeanCondition)

   JacksonAutoConfiguration.JacksonObjectMapperConfiguration matched:
      - @ConditionalOnClass found required class 'org.springframework.http.converter.json.Jackson2ObjectMapperBuilder' (OnClassCondition)

   JacksonAutoConfiguration.JacksonObjectMapperConfiguration#jacksonObjectMapper matched:
      - @ConditionalOnMissingBean (types: com.fasterxml.jackson.databind.ObjectMapper; SearchStrategy: all) did not find any beans (OnBeanCondition)

   JacksonAutoConfiguration.ParameterNamesModuleConfiguration matched:
      - @ConditionalOnClass found required class 'com.fasterxml.jackson.module.paramnames.ParameterNamesModule' (OnClassCondition)

   JacksonAutoConfiguration.ParameterNamesModuleConfiguration#parameterNamesModule matched:
      - @ConditionalOnMissingBean (types: com.fasterxml.jackson.module.paramnames.ParameterNamesModule; SearchStrategy: all) did not find any beans (OnBeanCondition)

   JacksonHttpMessageConvertersConfiguration.MappingJackson2HttpMessageConverterConfiguration matched:
      - @ConditionalOnClass found required class 'com.fasterxml.jackson.databind.ObjectMapper' (OnClassCondition)
      - @ConditionalOnProperty (spring.mvc.converters.preferred-json-mapper=jackson) matched (OnPropertyCondition)
      - @ConditionalOnBean (types: com.fasterxml.jackson.databind.ObjectMapper; SearchStrategy: all) found bean 'jacksonObjectMapper' (OnBeanCondition)

   JacksonHttpMessageConvertersConfiguration.MappingJackson2HttpMessageConverterConfiguration#mappingJackson2HttpMessageConverter matched:
      - @ConditionalOnMissingBean (types: org.springframework.http.converter.json.MappingJackson2HttpMessageConverter ignored: org.springframework.hateoas.server.mvc.TypeConstrainedMappingJackson2HttpMessageConverter,org.springframework.data.rest.webmvc.alps.AlpsJsonHttpMessageConverter; SearchStrategy: all) did not find any beans (OnBeanCondition)

   JdbcTemplateAutoConfiguration matched:
      - @ConditionalOnClass found required classes 'javax.sql.DataSource', 'org.springframework.jdbc.core.JdbcTemplate' (OnClassCondition)
      - @ConditionalOnSingleCandidate (types: javax.sql.DataSource; SearchStrategy: all) found a single bean 'dataSource' (OnBeanCondition)

   JdbcTemplateConfiguration matched:
      - @ConditionalOnMissingBean (types: org.springframework.jdbc.core.JdbcOperations; SearchStrategy: all) did not find any beans (OnBeanCondition)

   LifecycleAutoConfiguration#defaultLifecycleProcessor matched:
      - @ConditionalOnMissingBean (names: lifecycleProcessor; SearchStrategy: current) did not find any beans (OnBeanCondition)

   MultipartAutoConfiguration matched:
      - @ConditionalOnClass found required classes 'javax.servlet.Servlet', 'org.springframework.web.multipart.support.StandardServletMultipartResolver', 'javax.servlet.MultipartConfigElement' (OnClassCondition)
      - found 'session' scope (OnWebApplicationCondition)
      - @ConditionalOnProperty (spring.servlet.multipart.enabled) matched (OnPropertyCondition)

   MultipartAutoConfiguration#multipartConfigElement matched:
      - @ConditionalOnMissingBean (types: javax.servlet.MultipartConfigElement,org.springframework.web.multipart.commons.CommonsMultipartResolver; SearchStrategy: all) did not find any beans (OnBeanCondition)

   MultipartAutoConfiguration#multipartResolver matched:
      - @ConditionalOnMissingBean (types: org.springframework.web.multipart.MultipartResolver; SearchStrategy: all) did not find any beans (OnBeanCondition)

   MybatisPlusAutoConfiguration matched:
      - @ConditionalOnClass found required classes 'org.apache.ibatis.session.SqlSessionFactory', 'org.mybatis.spring.SqlSessionFactoryBean' (OnClassCondition)
      - @ConditionalOnSingleCandidate (types: javax.sql.DataSource; SearchStrategy: all) found a single bean 'dataSource' (OnBeanCondition)

   MybatisPlusAutoConfiguration#ddlApplicationRunner matched:
      - @ConditionalOnMissingBean (types: com.baomidou.mybatisplus.autoconfigure.DdlApplicationRunner; SearchStrategy: all) did not find any beans (OnBeanCondition)

   MybatisPlusAutoConfiguration#sqlSessionFactory matched:
      - @ConditionalOnMissingBean (types: org.apache.ibatis.session.SqlSessionFactory; SearchStrategy: all) did not find any beans (OnBeanCondition)

   MybatisPlusAutoConfiguration#sqlSessionTemplate matched:
      - @ConditionalOnMissingBean (types: org.mybatis.spring.SqlSessionTemplate; SearchStrategy: all) did not find any beans (OnBeanCondition)

   MybatisPlusLanguageDriverAutoConfiguration matched:
      - @ConditionalOnClass found required class 'org.apache.ibatis.scripting.LanguageDriver' (OnClassCondition)

   NamedParameterJdbcTemplateConfiguration matched:
      - @ConditionalOnSingleCandidate (types: org.springframework.jdbc.core.JdbcTemplate; SearchStrategy: all) found a single bean 'jdbcTemplate'; @ConditionalOnMissingBean (types: org.springframework.jdbc.core.namedparam.NamedParameterJdbcOperations; SearchStrategy: all) did not find any beans (OnBeanCondition)

   NoOpCacheConfiguration matched:
      - Cache org.springframework.boot.autoconfigure.cache.NoOpCacheConfiguration automatic cache type (CacheCondition)

   PersistenceExceptionTranslationAutoConfiguration matched:
      - @ConditionalOnClass found required class 'org.springframework.dao.annotation.PersistenceExceptionTranslationPostProcessor' (OnClassCondition)

   PersistenceExceptionTranslationAutoConfiguration#persistenceExceptionTranslationPostProcessor matched:
      - @ConditionalOnProperty (spring.dao.exceptiontranslation.enabled) matched (OnPropertyCondition)
      - @ConditionalOnMissingBean (types: org.springframework.dao.annotation.PersistenceExceptionTranslationPostProcessor; SearchStrategy: all) did not find any beans (OnBeanCondition)

   PropertyPlaceholderAutoConfiguration#propertySourcesPlaceholderConfigurer matched:
      - @ConditionalOnMissingBean (types: org.springframework.context.support.PropertySourcesPlaceholderConfigurer; SearchStrategy: current) did not find any beans (OnBeanCondition)

   RestTemplateAutoConfiguration matched:
      - @ConditionalOnClass found required class 'org.springframework.web.client.RestTemplate' (OnClassCondition)
      - NoneNestedConditions 0 matched 1 did not; NestedCondition on RestTemplateAutoConfiguration.NotReactiveWebApplicationCondition.ReactiveWebApplication did not find reactive web application classes (RestTemplateAutoConfiguration.NotReactiveWebApplicationCondition)

   RestTemplateAutoConfiguration#restTemplateBuilder matched:
      - @ConditionalOnMissingBean (types: org.springframework.boot.web.client.RestTemplateBuilder; SearchStrategy: all) did not find any beans (OnBeanCondition)

   RestTemplateAutoConfiguration#restTemplateBuilderConfigurer matched:
      - @ConditionalOnMissingBean (types: org.springframework.boot.autoconfigure.web.client.RestTemplateBuilderConfigurer; SearchStrategy: all) did not find any beans (OnBeanCondition)

   SecurityAutoConfiguration matched:
      - @ConditionalOnClass found required class 'org.springframework.security.authentication.DefaultAuthenticationEventPublisher' (OnClassCondition)

   SecurityAutoConfiguration#authenticationEventPublisher matched:
      - @ConditionalOnMissingBean (types: org.springframework.security.authentication.AuthenticationEventPublisher; SearchStrategy: all) did not find any beans (OnBeanCondition)

   SecurityFilterAutoConfiguration matched:
      - @ConditionalOnClass found required classes 'org.springframework.security.web.context.AbstractSecurityWebApplicationInitializer', 'org.springframework.security.config.http.SessionCreationPolicy' (OnClassCondition)
      - found 'session' scope (OnWebApplicationCondition)

   SecurityFilterAutoConfiguration#securityFilterChainRegistration matched:
      - @ConditionalOnBean (names: springSecurityFilterChain; SearchStrategy: all) found bean 'springSecurityFilterChain' (OnBeanCondition)

   ServletWebServerFactoryAutoConfiguration matched:
      - @ConditionalOnClass found required class 'javax.servlet.ServletRequest' (OnClassCondition)
      - found 'session' scope (OnWebApplicationCondition)

   ServletWebServerFactoryAutoConfiguration#tomcatServletWebServerFactoryCustomizer matched:
      - @ConditionalOnClass found required class 'org.apache.catalina.startup.Tomcat' (OnClassCondition)

   ServletWebServerFactoryConfiguration.EmbeddedTomcat matched:
      - @ConditionalOnClass found required classes 'javax.servlet.Servlet', 'org.apache.catalina.startup.Tomcat', 'org.apache.coyote.UpgradeProtocol' (OnClassCondition)
      - @ConditionalOnMissingBean (types: org.springframework.boot.web.servlet.server.ServletWebServerFactory; SearchStrategy: current) did not find any beans (OnBeanCondition)

   SimpleCacheConfiguration matched:
      - Cache org.springframework.boot.autoconfigure.cache.SimpleCacheConfiguration automatic cache type (CacheCondition)

   SpringBootWebSecurityConfiguration matched:
      - found 'session' scope (OnWebApplicationCondition)

   SpringBootWebSecurityConfiguration.ErrorPageSecurityFilterConfiguration matched:
      - @ConditionalOnClass found required class 'org.springframework.security.web.access.WebInvocationPrivilegeEvaluator' (OnClassCondition)
      - @ConditionalOnBean (types: org.springframework.security.web.access.WebInvocationPrivilegeEvaluator; SearchStrategy: all) found bean 'privilegeEvaluator' (OnBeanCondition)

   SpringBootWebSecurityConfiguration.WebSecurityEnablerConfiguration matched:
      - @ConditionalOnClass found required class 'org.springframework.security.config.annotation.web.configuration.EnableWebSecurity' (OnClassCondition)
      - @ConditionalOnMissingBean (names: springSecurityFilterChain; SearchStrategy: all) did not find any beans (OnBeanCondition)

   SqlInitializationAutoConfiguration matched:
      - @ConditionalOnProperty (spring.sql.init.enabled) matched (OnPropertyCondition)
      - NoneNestedConditions 0 matched 1 did not; NestedCondition on SqlInitializationAutoConfiguration.SqlInitializationModeCondition.ModeIsNever @ConditionalOnProperty (spring.sql.init.mode=never) did not find property 'mode' (SqlInitializationAutoConfiguration.SqlInitializationModeCondition)

   TaskExecutionAutoConfiguration matched:
      - @ConditionalOnClass found required class 'org.springframework.scheduling.concurrent.ThreadPoolTaskExecutor' (OnClassCondition)

   TaskExecutionAutoConfiguration#applicationTaskExecutor matched:
      - @ConditionalOnMissingBean (types: java.util.concurrent.Executor; SearchStrategy: all) did not find any beans (OnBeanCondition)

   TaskExecutionAutoConfiguration#taskExecutorBuilder matched:
      - @ConditionalOnMissingBean (types: org.springframework.boot.task.TaskExecutorBuilder; SearchStrategy: all) did not find any beans (OnBeanCondition)

   TaskSchedulingAutoConfiguration matched:
      - @ConditionalOnClass found required class 'org.springframework.scheduling.concurrent.ThreadPoolTaskScheduler' (OnClassCondition)

   TaskSchedulingAutoConfiguration#taskSchedulerBuilder matched:
      - @ConditionalOnMissingBean (types: org.springframework.boot.task.TaskSchedulerBuilder; SearchStrategy: all) did not find any beans (OnBeanCondition)

   TransactionAutoConfiguration matched:
      - @ConditionalOnClass found required class 'org.springframework.transaction.PlatformTransactionManager' (OnClassCondition)

   TransactionAutoConfiguration#platformTransactionManagerCustomizers matched:
      - @ConditionalOnMissingBean (types: org.springframework.boot.autoconfigure.transaction.TransactionManagerCustomizers; SearchStrategy: all) did not find any beans (OnBeanCondition)

   TransactionAutoConfiguration.EnableTransactionManagementConfiguration matched:
      - @ConditionalOnBean (types: org.springframework.transaction.TransactionManager; SearchStrategy: all) found bean 'transactionManager'; @ConditionalOnMissingBean (types: org.springframework.transaction.annotation.AbstractTransactionManagementConfiguration; SearchStrategy: all) did not find any beans (OnBeanCondition)

   TransactionAutoConfiguration.EnableTransactionManagementConfiguration.CglibAutoProxyConfiguration matched:
      - @ConditionalOnProperty (spring.aop.proxy-target-class=true) matched (OnPropertyCondition)

   TransactionAutoConfiguration.TransactionTemplateConfiguration matched:
      - @ConditionalOnSingleCandidate (types: org.springframework.transaction.PlatformTransactionManager; SearchStrategy: all) found a single bean 'transactionManager' (OnBeanCondition)

   TransactionAutoConfiguration.TransactionTemplateConfiguration#transactionTemplate matched:
      - @ConditionalOnMissingBean (types: org.springframework.transaction.support.TransactionOperations; SearchStrategy: all) did not find any beans (OnBeanCondition)

   UserDetailsServiceAutoConfiguration matched:
      - @ConditionalOnClass found required class 'org.springframework.security.authentication.AuthenticationManager' (OnClassCondition)
      - @ConditionalOnBean (types: org.springframework.security.config.annotation.ObjectPostProcessor; SearchStrategy: all) found bean 'objectPostProcessor'; @ConditionalOnMissingBean (types: org.springframework.security.authentication.AuthenticationManager,org.springframework.security.authentication.AuthenticationProvider,org.springframework.security.core.userdetails.UserDetailsService,org.springframework.security.authentication.AuthenticationManagerResolver,org.springframework.security.oauth2.jwt.JwtDecoder,org.springframework.security.oauth2.server.resource.introspection.OpaqueTokenIntrospector,org.springframework.security.oauth2.client.registration.ClientRegistrationRepository,org.springframework.security.saml2.provider.service.registration.RelyingPartyRegistrationRepository; SearchStrategy: all) did not find any beans (OnBeanCondition)

   ValidationAutoConfiguration matched:
      - @ConditionalOnClass found required class 'javax.validation.executable.ExecutableValidator' (OnClassCondition)
      - @ConditionalOnResource found location classpath:META-INF/services/javax.validation.spi.ValidationProvider (OnResourceCondition)

   ValidationAutoConfiguration#defaultValidator matched:
      - @ConditionalOnMissingBean (types: javax.validation.Validator; SearchStrategy: all) did not find any beans (OnBeanCondition)

   ValidationAutoConfiguration#methodValidationPostProcessor matched:
      - @ConditionalOnMissingBean (types: org.springframework.validation.beanvalidation.MethodValidationPostProcessor; SearchStrategy: current) did not find any beans (OnBeanCondition)

   WebMvcAutoConfiguration matched:
      - @ConditionalOnClass found required classes 'javax.servlet.Servlet', 'org.springframework.web.servlet.DispatcherServlet', 'org.springframework.web.servlet.config.annotation.WebMvcConfigurer' (OnClassCondition)
      - found 'session' scope (OnWebApplicationCondition)
      - @ConditionalOnMissingBean (types: org.springframework.web.servlet.config.annotation.WebMvcConfigurationSupport; SearchStrategy: all) did not find any beans (OnBeanCondition)

   WebMvcAutoConfiguration#formContentFilter matched:
      - @ConditionalOnProperty (spring.mvc.formcontent.filter.enabled) matched (OnPropertyCondition)
      - @ConditionalOnMissingBean (types: org.springframework.web.filter.FormContentFilter; SearchStrategy: all) did not find any beans (OnBeanCondition)

   WebMvcAutoConfiguration.EnableWebMvcConfiguration#flashMapManager matched:
      - @ConditionalOnMissingBean (names: flashMapManager; SearchStrategy: all) did not find any beans (OnBeanCondition)

   WebMvcAutoConfiguration.EnableWebMvcConfiguration#localeResolver matched:
      - @ConditionalOnMissingBean (names: localeResolver; SearchStrategy: all) did not find any beans (OnBeanCondition)

   WebMvcAutoConfiguration.EnableWebMvcConfiguration#themeResolver matched:
      - @ConditionalOnMissingBean (names: themeResolver; SearchStrategy: all) did not find any beans (OnBeanCondition)

   WebMvcAutoConfiguration.WebMvcAutoConfigurationAdapter#defaultViewResolver matched:
      - @ConditionalOnMissingBean (types: org.springframework.web.servlet.view.InternalResourceViewResolver; SearchStrategy: all) did not find any beans (OnBeanCondition)

   WebMvcAutoConfiguration.WebMvcAutoConfigurationAdapter#requestContextFilter matched:
      - @ConditionalOnMissingBean (types: org.springframework.web.context.request.RequestContextListener,org.springframework.web.filter.RequestContextFilter; SearchStrategy: all) did not find any beans (OnBeanCondition)

   WebMvcAutoConfiguration.WebMvcAutoConfigurationAdapter#viewResolver matched:
      - @ConditionalOnBean (types: org.springframework.web.servlet.ViewResolver; SearchStrategy: all) found beans 'defaultViewResolver', 'beanNameViewResolver', 'mvcViewResolver'; @ConditionalOnMissingBean (names: viewResolver types: org.springframework.web.servlet.view.ContentNegotiatingViewResolver; SearchStrategy: all) did not find any beans (OnBeanCondition)

   WebSocketServletAutoConfiguration matched:
      - @ConditionalOnClass found required classes 'javax.servlet.Servlet', 'javax.websocket.server.ServerContainer' (OnClassCondition)
      - found 'session' scope (OnWebApplicationCondition)

   WebSocketServletAutoConfiguration.TomcatWebSocketConfiguration matched:
      - @ConditionalOnClass found required classes 'org.apache.catalina.startup.Tomcat', 'org.apache.tomcat.websocket.server.WsSci' (OnClassCondition)

   WebSocketServletAutoConfiguration.TomcatWebSocketConfiguration#websocketServletWebServerCustomizer matched:
      - @ConditionalOnMissingBean (names: websocketServletWebServerCustomizer; SearchStrategy: all) did not find any beans (OnBeanCondition)


Negative matches:
-----------------

   ActiveMQAutoConfiguration:
      Did not match:
         - @ConditionalOnClass did not find required class 'javax.jms.ConnectionFactory' (OnClassCondition)

   AopAutoConfiguration.AspectJAutoProxyingConfiguration:
      Did not match:
         - @ConditionalOnClass did not find required class 'org.aspectj.weaver.Advice' (OnClassCondition)

   ArtemisAutoConfiguration:
      Did not match:
         - @ConditionalOnClass did not find required class 'javax.jms.ConnectionFactory' (OnClassCondition)

   BatchAutoConfiguration:
      Did not match:
         - @ConditionalOnClass did not find required class 'org.springframework.batch.core.launch.JobLauncher' (OnClassCondition)

   Cache2kCacheConfiguration:
      Did not match:
         - @ConditionalOnClass did not find required class 'org.cache2k.Cache2kBuilder' (OnClassCondition)

   CacheAutoConfiguration:
      Did not match:
         - @ConditionalOnBean (types: org.springframework.cache.interceptor.CacheAspectSupport; SearchStrategy: all) did not find any beans of type org.springframework.cache.interceptor.CacheAspectSupport (OnBeanCondition)
      Matched:
         - @ConditionalOnClass found required class 'org.springframework.cache.CacheManager' (OnClassCondition)

   CacheAutoConfiguration.CacheManagerEntityManagerFactoryDependsOnPostProcessor:
      Did not match:
         - @ConditionalOnClass did not find required class 'org.springframework.orm.jpa.LocalContainerEntityManagerFactoryBean' (OnClassCondition)
         - Ancestor org.springframework.boot.autoconfigure.cache.CacheAutoConfiguration did not match (ConditionEvaluationReport.AncestorsMatchedCondition)

   CaffeineCacheConfiguration:
      Did not match:
         - @ConditionalOnClass did not find required class 'com.github.benmanes.caffeine.cache.Caffeine' (OnClassCondition)

   CassandraAutoConfiguration:
      Did not match:
         - @ConditionalOnClass did not find required class 'com.datastax.oss.driver.api.core.CqlSession' (OnClassCondition)

   CassandraDataAutoConfiguration:
      Did not match:
         - @ConditionalOnClass did not find required class 'com.datastax.oss.driver.api.core.CqlSession' (OnClassCondition)

   CassandraReactiveDataAutoConfiguration:
      Did not match:
         - @ConditionalOnClass did not find required class 'com.datastax.oss.driver.api.core.CqlSession' (OnClassCondition)

   CassandraReactiveRepositoriesAutoConfiguration:
      Did not match:
         - @ConditionalOnClass did not find required class 'org.springframework.data.cassandra.ReactiveSession' (OnClassCondition)

   CassandraRepositoriesAutoConfiguration:
      Did not match:
         - @ConditionalOnClass did not find required class 'com.datastax.oss.driver.api.core.CqlSession' (OnClassCondition)

   ClientHttpConnectorAutoConfiguration:
      Did not match:
         - @ConditionalOnClass did not find required class 'org.springframework.web.reactive.function.client.WebClient' (OnClassCondition)

   CodecsAutoConfiguration:
      Did not match:
         - @ConditionalOnClass did not find required class 'org.springframework.web.reactive.function.client.WebClient' (OnClassCondition)

   CouchbaseAutoConfiguration:
      Did not match:
         - @ConditionalOnClass did not find required class 'com.couchbase.client.java.Cluster' (OnClassCondition)

   CouchbaseCacheConfiguration:
      Did not match:
         - @ConditionalOnClass did not find required class 'com.couchbase.client.java.Cluster' (OnClassCondition)

   CouchbaseDataAutoConfiguration:
      Did not match:
         - @ConditionalOnClass did not find required class 'com.couchbase.client.java.Bucket' (OnClassCondition)

   CouchbaseReactiveDataAutoConfiguration:
      Did not match:
         - @ConditionalOnClass did not find required class 'com.couchbase.client.java.Cluster' (OnClassCondition)

   CouchbaseReactiveRepositoriesAutoConfiguration:
      Did not match:
         - @ConditionalOnClass did not find required class 'com.couchbase.client.java.Cluster' (OnClassCondition)

   CouchbaseRepositoriesAutoConfiguration:
      Did not match:
         - @ConditionalOnClass did not find required class 'com.couchbase.client.java.Bucket' (OnClassCondition)

   DataSourceAutoConfiguration.EmbeddedDatabaseConfiguration:
      Did not match:
         - EmbeddedDataSource spring.datasource.url is set (DataSourceAutoConfiguration.EmbeddedDatabaseCondition)

   DataSourceConfiguration.Dbcp2:
      Did not match:
         - @ConditionalOnClass did not find required class 'org.apache.commons.dbcp2.BasicDataSource' (OnClassCondition)

   DataSourceConfiguration.Generic:
      Did not match:
         - @ConditionalOnProperty (spring.datasource.type) did not find property 'spring.datasource.type' (OnPropertyCondition)

   DataSourceConfiguration.OracleUcp:
      Did not match:
         - @ConditionalOnClass did not find required classes 'oracle.ucp.jdbc.PoolDataSourceImpl', 'oracle.jdbc.OracleConnection' (OnClassCondition)

   DataSourceConfiguration.Tomcat:
      Did not match:
         - @ConditionalOnClass did not find required class 'org.apache.tomcat.jdbc.pool.DataSource' (OnClassCondition)

   DataSourceJmxConfiguration.TomcatDataSourceJmxConfiguration:
      Did not match:
         - @ConditionalOnClass did not find required class 'org.apache.tomcat.jdbc.pool.DataSourceProxy' (OnClassCondition)

   DataSourcePoolMetadataProvidersConfiguration.CommonsDbcp2PoolDataSourceMetadataProviderConfiguration:
      Did not match:
         - @ConditionalOnClass did not find required class 'org.apache.commons.dbcp2.BasicDataSource' (OnClassCondition)

   DataSourcePoolMetadataProvidersConfiguration.OracleUcpPoolDataSourceMetadataProviderConfiguration:
      Did not match:
         - @ConditionalOnClass did not find required classes 'oracle.ucp.jdbc.PoolDataSource', 'oracle.jdbc.OracleConnection' (OnClassCondition)

   DataSourcePoolMetadataProvidersConfiguration.TomcatDataSourcePoolMetadataProviderConfiguration:
      Did not match:
         - @ConditionalOnClass did not find required class 'org.apache.tomcat.jdbc.pool.DataSource' (OnClassCondition)

   DispatcherServletAutoConfiguration.DispatcherServletConfiguration#multipartResolver:
      Did not match:
         - @ConditionalOnBean (types: org.springframework.web.multipart.MultipartResolver; SearchStrategy: all) did not find any beans of type org.springframework.web.multipart.MultipartResolver (OnBeanCondition)

   EhCacheCacheConfiguration:
      Did not match:
         - @ConditionalOnClass did not find required class 'net.sf.ehcache.Cache' (OnClassCondition)

   ElasticsearchDataAutoConfiguration:
      Did not match:
         - @ConditionalOnClass did not find required class 'org.springframework.data.elasticsearch.core.ElasticsearchRestTemplate' (OnClassCondition)

   ElasticsearchRepositoriesAutoConfiguration:
      Did not match:
         - @ConditionalOnClass did not find required class 'org.elasticsearch.client.Client' (OnClassCondition)

   ElasticsearchRestClientAutoConfiguration:
      Did not match:
         - @ConditionalOnClass did not find required class 'org.elasticsearch.client.RestClientBuilder' (OnClassCondition)

   EmbeddedLdapAutoConfiguration:
      Did not match:
         - @ConditionalOnClass did not find required class 'com.unboundid.ldap.listener.InMemoryDirectoryServer' (OnClassCondition)

   EmbeddedMongoAutoConfiguration:
      Did not match:
         - @ConditionalOnClass did not find required class 'com.mongodb.MongoClientSettings' (OnClassCondition)

   EmbeddedWebServerFactoryCustomizerAutoConfiguration.JettyWebServerFactoryCustomizerConfiguration:
      Did not match:
         - @ConditionalOnClass did not find required classes 'org.eclipse.jetty.server.Server', 'org.eclipse.jetty.util.Loader', 'org.eclipse.jetty.webapp.WebAppContext' (OnClassCondition)

   EmbeddedWebServerFactoryCustomizerAutoConfiguration.NettyWebServerFactoryCustomizerConfiguration:
      Did not match:
         - @ConditionalOnClass did not find required class 'reactor.netty.http.server.HttpServer' (OnClassCondition)

   EmbeddedWebServerFactoryCustomizerAutoConfiguration.UndertowWebServerFactoryCustomizerConfiguration:
      Did not match:
         - @ConditionalOnClass did not find required classes 'io.undertow.Undertow', 'org.xnio.SslClientAuthMode' (OnClassCondition)

   ErrorWebFluxAutoConfiguration:
      Did not match:
         - @ConditionalOnClass did not find required class 'org.springframework.web.reactive.config.WebFluxConfigurer' (OnClassCondition)

   FlywayAutoConfiguration:
      Did not match:
         - @ConditionalOnClass did not find required class 'org.flywaydb.core.Flyway' (OnClassCondition)

   FreeMarkerAutoConfiguration:
      Did not match:
         - @ConditionalOnClass did not find required class 'freemarker.template.Configuration' (OnClassCondition)

   GraphQlAutoConfiguration:
      Did not match:
         - @ConditionalOnClass did not find required class 'graphql.GraphQL' (OnClassCondition)

   GraphQlQueryByExampleAutoConfiguration:
      Did not match:
         - @ConditionalOnClass did not find required class 'graphql.GraphQL' (OnClassCondition)

   GraphQlQuerydslAutoConfiguration:
      Did not match:
         - @ConditionalOnClass did not find required class 'graphql.GraphQL' (OnClassCondition)

   GraphQlRSocketAutoConfiguration:
      Did not match:
         - @ConditionalOnClass did not find required class 'graphql.GraphQL' (OnClassCondition)

   GraphQlReactiveQueryByExampleAutoConfiguration:
      Did not match:
         - @ConditionalOnClass did not find required class 'graphql.GraphQL' (OnClassCondition)

   GraphQlReactiveQuerydslAutoConfiguration:
      Did not match:
         - @ConditionalOnClass did not find required class 'graphql.GraphQL' (OnClassCondition)

   GraphQlWebFluxAutoConfiguration:
      Did not match:
         - @ConditionalOnClass did not find required class 'graphql.GraphQL' (OnClassCondition)

   GraphQlWebFluxSecurityAutoConfiguration:
      Did not match:
         - @ConditionalOnClass did not find required class 'graphql.GraphQL' (OnClassCondition)

   GraphQlWebMvcAutoConfiguration:
      Did not match:
         - @ConditionalOnClass did not find required class 'graphql.GraphQL' (OnClassCondition)

   GraphQlWebMvcSecurityAutoConfiguration:
      Did not match:
         - @ConditionalOnClass did not find required class 'graphql.GraphQL' (OnClassCondition)

   GroovyTemplateAutoConfiguration:
      Did not match:
         - @ConditionalOnClass did not find required class 'groovy.text.markup.MarkupTemplateEngine' (OnClassCondition)

   GsonAutoConfiguration:
      Did not match:
         - @ConditionalOnClass did not find required class 'com.google.gson.Gson' (OnClassCondition)

   GsonHttpMessageConvertersConfiguration:
      Did not match:
         - @ConditionalOnClass did not find required class 'com.google.gson.Gson' (OnClassCondition)

   H2ConsoleAutoConfiguration:
      Did not match:
         - @ConditionalOnClass did not find required class 'org.h2.server.web.WebServlet' (OnClassCondition)

   HazelcastAutoConfiguration:
      Did not match:
         - @ConditionalOnClass did not find required class 'com.hazelcast.core.HazelcastInstance' (OnClassCondition)

   HazelcastCacheConfiguration:
      Did not match:
         - @ConditionalOnClass did not find required class 'com.hazelcast.core.HazelcastInstance' (OnClassCondition)

   HazelcastJpaDependencyAutoConfiguration:
      Did not match:
         - @ConditionalOnClass did not find required class 'com.hazelcast.core.HazelcastInstance' (OnClassCondition)

   HibernateJpaAutoConfiguration:
      Did not match:
         - @ConditionalOnClass did not find required class 'javax.persistence.EntityManager' (OnClassCondition)

   HttpHandlerAutoConfiguration:
      Did not match:
         - @ConditionalOnClass did not find required class 'org.springframework.web.reactive.DispatcherHandler' (OnClassCondition)

   HypermediaAutoConfiguration:
      Did not match:
         - @ConditionalOnClass did not find required class 'org.springframework.hateoas.EntityModel' (OnClassCondition)

   IdentifierGeneratorAutoConfiguration:
      Did not match:
         - @ConditionalOnClass did not find required class 'org.springframework.cloud.commons.util.InetUtils' (OnClassCondition)

   InfinispanCacheConfiguration:
      Did not match:
         - @ConditionalOnClass did not find required class 'org.infinispan.spring.embedded.provider.SpringEmbeddedCacheManager' (OnClassCondition)

   InfluxDbAutoConfiguration:
      Did not match:
         - @ConditionalOnClass did not find required class 'org.influxdb.InfluxDB' (OnClassCondition)

   IntegrationAutoConfiguration:
      Did not match:
         - @ConditionalOnClass did not find required class 'org.springframework.integration.config.EnableIntegration' (OnClassCondition)

   JCacheCacheConfiguration:
      Did not match:
         - @ConditionalOnClass did not find required class 'javax.cache.Caching' (OnClassCondition)

   JacksonHttpMessageConvertersConfiguration.MappingJackson2XmlHttpMessageConverterConfiguration:
      Did not match:
         - @ConditionalOnClass did not find required class 'com.fasterxml.jackson.dataformat.xml.XmlMapper' (OnClassCondition)

   JdbcRepositoriesAutoConfiguration:
      Did not match:
         - @ConditionalOnClass did not find required class 'org.springframework.data.jdbc.repository.config.AbstractJdbcConfiguration' (OnClassCondition)

   JerseyAutoConfiguration:
      Did not match:
         - @ConditionalOnClass did not find required class 'org.glassfish.jersey.server.spring.SpringComponentProvider' (OnClassCondition)

   JmsAutoConfiguration:
      Did not match:
         - @ConditionalOnClass did not find required class 'javax.jms.Message' (OnClassCondition)

   JmxAutoConfiguration:
      Did not match:
         - @ConditionalOnProperty (spring.jmx.enabled=true) did not find property 'enabled' (OnPropertyCondition)
      Matched:
         - @ConditionalOnClass found required class 'org.springframework.jmx.export.MBeanExporter' (OnClassCondition)

   JndiConnectionFactoryAutoConfiguration:
      Did not match:
         - @ConditionalOnClass did not find required class 'org.springframework.jms.core.JmsTemplate' (OnClassCondition)

   JndiDataSourceAutoConfiguration:
      Did not match:
         - @ConditionalOnProperty (spring.datasource.jndi-name) did not find property 'jndi-name' (OnPropertyCondition)
      Matched:
         - @ConditionalOnClass found required classes 'javax.sql.DataSource', 'org.springframework.jdbc.datasource.embedded.EmbeddedDatabaseType' (OnClassCondition)

   JooqAutoConfiguration:
      Did not match:
         - @ConditionalOnClass did not find required class 'org.jooq.DSLContext' (OnClassCondition)

   JpaRepositoriesAutoConfiguration:
      Did not match:
         - @ConditionalOnClass did not find required class 'org.springframework.data.jpa.repository.JpaRepository' (OnClassCondition)

   JsonbAutoConfiguration:
      Did not match:
         - @ConditionalOnClass did not find required class 'javax.json.bind.Jsonb' (OnClassCondition)

   JsonbHttpMessageConvertersConfiguration:
      Did not match:
         - @ConditionalOnClass did not find required class 'javax.json.bind.Jsonb' (OnClassCondition)

   JtaAutoConfiguration:
      Did not match:
         - @ConditionalOnClass did not find required class 'javax.transaction.Transaction' (OnClassCondition)

   KafkaAutoConfiguration:
      Did not match:
         - @ConditionalOnClass did not find required class 'org.springframework.kafka.core.KafkaTemplate' (OnClassCondition)

   LdapAutoConfiguration:
      Did not match:
         - @ConditionalOnClass did not find required class 'org.springframework.ldap.core.ContextSource' (OnClassCondition)

   LdapRepositoriesAutoConfiguration:
      Did not match:
         - @ConditionalOnClass did not find required class 'org.springframework.data.ldap.repository.LdapRepository' (OnClassCondition)

   LiquibaseAutoConfiguration:
      Did not match:
         - @ConditionalOnClass did not find required class 'liquibase.change.DatabaseChange' (OnClassCondition)

   MailSenderAutoConfiguration:
      Did not match:
         - @ConditionalOnClass did not find required class 'javax.mail.internet.MimeMessage' (OnClassCondition)

   MailSenderValidatorAutoConfiguration:
      Did not match:
         - @ConditionalOnSingleCandidate did not find required type 'org.springframework.mail.javamail.JavaMailSenderImpl' (OnBeanCondition)

   MessageSourceAutoConfiguration:
      Did not match:
         - ResourceBundle did not find bundle with basename messages (MessageSourceAutoConfiguration.ResourceBundleCondition)

   MongoAutoConfiguration:
      Did not match:
         - @ConditionalOnClass did not find required class 'com.mongodb.client.MongoClient' (OnClassCondition)

   MongoDataAutoConfiguration:
      Did not match:
         - @ConditionalOnClass did not find required class 'com.mongodb.client.MongoClient' (OnClassCondition)

   MongoReactiveAutoConfiguration:
      Did not match:
         - @ConditionalOnClass did not find required class 'com.mongodb.reactivestreams.client.MongoClient' (OnClassCondition)

   MongoReactiveDataAutoConfiguration:
      Did not match:
         - @ConditionalOnClass did not find required class 'com.mongodb.reactivestreams.client.MongoClient' (OnClassCondition)

   MongoReactiveRepositoriesAutoConfiguration:
      Did not match:
         - @ConditionalOnClass did not find required class 'com.mongodb.reactivestreams.client.MongoClient' (OnClassCondition)

   MongoRepositoriesAutoConfiguration:
      Did not match:
         - @ConditionalOnClass did not find required class 'com.mongodb.client.MongoClient' (OnClassCondition)

   MustacheAutoConfiguration:
      Did not match:
         - @ConditionalOnClass did not find required class 'com.samskivert.mustache.Mustache' (OnClassCondition)

   MybatisPlusAutoConfiguration.MapperScannerRegistrarNotFoundConfiguration:
      Did not match:
         - @ConditionalOnMissingBean (types: org.mybatis.spring.mapper.MapperFactoryBean,org.mybatis.spring.mapper.MapperScannerConfigurer; SearchStrategy: all) found beans of type 'org.mybatis.spring.mapper.MapperScannerConfigurer' com.campus.bookshare.config.MyBatisPlusConfig#MapperScannerRegistrar#0 (OnBeanCondition)

   MybatisPlusInnerInterceptorAutoConfiguration:
      Did not match:
         - @ConditionalOnBean (types: com.baomidou.mybatisplus.extension.plugins.inner.InnerInterceptor; SearchStrategy: all) did not find any beans of type com.baomidou.mybatisplus.extension.plugins.inner.InnerInterceptor (OnBeanCondition)

   MybatisPlusLanguageDriverAutoConfiguration.FreeMarkerConfiguration:
      Did not match:
         - @ConditionalOnClass did not find required classes 'org.mybatis.scripting.freemarker.FreeMarkerLanguageDriver', 'org.mybatis.scripting.freemarker.FreeMarkerLanguageDriverConfig' (OnClassCondition)

   MybatisPlusLanguageDriverAutoConfiguration.LegacyFreeMarkerConfiguration:
      Did not match:
         - @ConditionalOnClass did not find required class 'org.mybatis.scripting.freemarker.FreeMarkerLanguageDriver' (OnClassCondition)

   MybatisPlusLanguageDriverAutoConfiguration.LegacyVelocityConfiguration:
      Did not match:
         - @ConditionalOnClass did not find required class 'org.mybatis.scripting.velocity.Driver' (OnClassCondition)

   MybatisPlusLanguageDriverAutoConfiguration.ThymeleafConfiguration:
      Did not match:
         - @ConditionalOnClass did not find required class 'org.mybatis.scripting.thymeleaf.ThymeleafLanguageDriver' (OnClassCondition)

   MybatisPlusLanguageDriverAutoConfiguration.VelocityConfiguration:
      Did not match:
         - @ConditionalOnClass did not find required classes 'org.mybatis.scripting.velocity.VelocityLanguageDriver', 'org.mybatis.scripting.velocity.VelocityLanguageDriverConfig' (OnClassCondition)

   Neo4jAutoConfiguration:
      Did not match:
         - @ConditionalOnClass did not find required class 'org.neo4j.driver.Driver' (OnClassCondition)

   Neo4jDataAutoConfiguration:
      Did not match:
         - @ConditionalOnClass did not find required class 'org.neo4j.driver.Driver' (OnClassCondition)

   Neo4jReactiveDataAutoConfiguration:
      Did not match:
         - @ConditionalOnClass did not find required class 'org.neo4j.driver.Driver' (OnClassCondition)

   Neo4jReactiveRepositoriesAutoConfiguration:
      Did not match:
         - @ConditionalOnClass did not find required class 'org.neo4j.driver.Driver' (OnClassCondition)

   Neo4jRepositoriesAutoConfiguration:
      Did not match:
         - @ConditionalOnClass did not find required class 'org.neo4j.driver.Driver' (OnClassCondition)

   NettyAutoConfiguration:
      Did not match:
         - @ConditionalOnClass did not find required class 'io.netty.util.NettyRuntime' (OnClassCondition)

   OAuth2ClientAutoConfiguration:
      Did not match:
         - @ConditionalOnClass did not find required class 'org.springframework.security.oauth2.client.registration.ClientRegistration' (OnClassCondition)

   OAuth2ResourceServerAutoConfiguration:
      Did not match:
         - @ConditionalOnClass did not find required class 'org.springframework.security.oauth2.server.resource.BearerTokenAuthenticationToken' (OnClassCondition)

   ProjectInfoAutoConfiguration#buildProperties:
      Did not match:
         - @ConditionalOnResource did not find resource '${spring.info.build.location:classpath:META-INF/build-info.properties}' (OnResourceCondition)

   ProjectInfoAutoConfiguration#gitProperties:
      Did not match:
         - GitResource did not find git info at classpath:git.properties (ProjectInfoAutoConfiguration.GitResourceAvailableCondition)

   QuartzAutoConfiguration:
      Did not match:
         - @ConditionalOnClass did not find required class 'org.quartz.Scheduler' (OnClassCondition)

   R2dbcAutoConfiguration:
      Did not match:
         - @ConditionalOnClass did not find required class 'io.r2dbc.spi.ConnectionFactory' (OnClassCondition)

   R2dbcDataAutoConfiguration:
      Did not match:
         - @ConditionalOnClass did not find required class 'org.springframework.data.r2dbc.core.R2dbcEntityTemplate' (OnClassCondition)

   R2dbcInitializationConfiguration:
      Did not match:
         - @ConditionalOnClass did not find required classes 'io.r2dbc.spi.ConnectionFactory', 'org.springframework.r2dbc.connection.init.DatabasePopulator' (OnClassCondition)

   R2dbcRepositoriesAutoConfiguration:
      Did not match:
         - @ConditionalOnClass did not find required class 'io.r2dbc.spi.ConnectionFactory' (OnClassCondition)

   R2dbcTransactionManagerAutoConfiguration:
      Did not match:
         - @ConditionalOnClass did not find required class 'org.springframework.r2dbc.connection.R2dbcTransactionManager' (OnClassCondition)

   RSocketGraphQlClientAutoConfiguration:
      Did not match:
         - @ConditionalOnClass did not find required class 'graphql.GraphQL' (OnClassCondition)

   RSocketMessagingAutoConfiguration:
      Did not match:
         - @ConditionalOnClass did not find required class 'io.rsocket.RSocket' (OnClassCondition)

   RSocketRequesterAutoConfiguration:
      Did not match:
         - @ConditionalOnClass did not find required class 'io.rsocket.RSocket' (OnClassCondition)

   RSocketSecurityAutoConfiguration:
      Did not match:
         - @ConditionalOnClass did not find required class 'org.springframework.security.rsocket.core.SecuritySocketAcceptorInterceptor' (OnClassCondition)

   RSocketServerAutoConfiguration:
      Did not match:
         - @ConditionalOnClass did not find required class 'io.rsocket.core.RSocketServer' (OnClassCondition)

   RSocketStrategiesAutoConfiguration:
      Did not match:
         - @ConditionalOnClass did not find required class 'io.netty.buffer.PooledByteBufAllocator' (OnClassCondition)

   RabbitAutoConfiguration:
      Did not match:
         - @ConditionalOnClass did not find required class 'com.rabbitmq.client.Channel' (OnClassCondition)

   ReactiveElasticsearchRepositoriesAutoConfiguration:
      Did not match:
         - @ConditionalOnClass did not find required class 'org.springframework.data.elasticsearch.client.reactive.ReactiveElasticsearchClient' (OnClassCondition)

   ReactiveElasticsearchRestClientAutoConfiguration:
      Did not match:
         - @ConditionalOnClass did not find required class 'reactor.netty.http.client.HttpClient' (OnClassCondition)

   ReactiveMultipartAutoConfiguration:
      Did not match:
         - @ConditionalOnClass did not find required class 'org.springframework.web.reactive.config.WebFluxConfigurer' (OnClassCondition)

   ReactiveOAuth2ClientAutoConfiguration:
      Did not match:
         - @ConditionalOnClass did not find required class 'reactor.core.publisher.Flux' (OnClassCondition)

   ReactiveOAuth2ResourceServerAutoConfiguration:
      Did not match:
         - @ConditionalOnWebApplication did not find reactive web application classes (OnWebApplicationCondition)

   ReactiveSecurityAutoConfiguration:
      Did not match:
         - @ConditionalOnClass did not find required class 'reactor.core.publisher.Flux' (OnClassCondition)

   ReactiveUserDetailsServiceAutoConfiguration:
      Did not match:
         - AnyNestedCondition 0 matched 2 did not; NestedCondition on ReactiveUserDetailsServiceAutoConfiguration.ReactiveUserDetailsServiceCondition.ReactiveWebApplicationCondition did not find reactive web application classes; NestedCondition on ReactiveUserDetailsServiceAutoConfiguration.ReactiveUserDetailsServiceCondition.RSocketSecurityEnabledCondition @ConditionalOnBean (types: org.springframework.messaging.rsocket.annotation.support.RSocketMessageHandler; SearchStrategy: all) did not find any beans of type org.springframework.messaging.rsocket.annotation.support.RSocketMessageHandler (ReactiveUserDetailsServiceAutoConfiguration.ReactiveUserDetailsServiceCondition)
      Matched:
         - @ConditionalOnClass found required class 'org.springframework.security.authentication.ReactiveAuthenticationManager' (OnClassCondition)

   ReactiveWebServerFactoryAutoConfiguration:
      Did not match:
         - @ConditionalOnWebApplication did not find reactive web application classes (OnWebApplicationCondition)

   RedisAutoConfiguration:
      Did not match:
         - @ConditionalOnClass did not find required class 'org.springframework.data.redis.core.RedisOperations' (OnClassCondition)

   RedisCacheConfiguration:
      Did not match:
         - @ConditionalOnClass did not find required class 'org.springframework.data.redis.connection.RedisConnectionFactory' (OnClassCondition)

   RedisReactiveAutoConfiguration:
      Did not match:
         - @ConditionalOnClass did not find required class 'reactor.core.publisher.Flux' (OnClassCondition)

   RedisRepositoriesAutoConfiguration:
      Did not match:
         - @ConditionalOnClass did not find required class 'org.springframework.data.redis.repository.configuration.EnableRedisRepositories' (OnClassCondition)

   RepositoryRestMvcAutoConfiguration:
      Did not match:
         - @ConditionalOnClass did not find required class 'org.springframework.data.rest.webmvc.config.RepositoryRestMvcConfiguration' (OnClassCondition)

   Saml2RelyingPartyAutoConfiguration:
      Did not match:
         - @ConditionalOnClass did not find required class 'org.springframework.security.saml2.provider.service.registration.RelyingPartyRegistrationRepository' (OnClassCondition)

   SecurityDataConfiguration:
      Did not match:
         - @ConditionalOnClass did not find required class 'org.springframework.security.data.repository.query.SecurityEvaluationContextExtension' (OnClassCondition)

   SendGridAutoConfiguration:
      Did not match:
         - @ConditionalOnClass did not find required class 'com.sendgrid.SendGrid' (OnClassCondition)

   ServletWebServerFactoryAutoConfiguration.ForwardedHeaderFilterConfiguration:
      Did not match:
         - @ConditionalOnProperty (server.forward-headers-strategy=framework) did not find property 'server.forward-headers-strategy' (OnPropertyCondition)

   ServletWebServerFactoryConfiguration.EmbeddedJetty:
      Did not match:
         - @ConditionalOnClass did not find required classes 'org.eclipse.jetty.server.Server', 'org.eclipse.jetty.util.Loader', 'org.eclipse.jetty.webapp.WebAppContext' (OnClassCondition)

   ServletWebServerFactoryConfiguration.EmbeddedUndertow:
      Did not match:
         - @ConditionalOnClass did not find required classes 'io.undertow.Undertow', 'org.xnio.SslClientAuthMode' (OnClassCondition)

   SessionAutoConfiguration:
      Did not match:
         - @ConditionalOnClass did not find required class 'org.springframework.session.Session' (OnClassCondition)

   SolrAutoConfiguration:
      Did not match:
         - @ConditionalOnClass did not find required class 'org.apache.solr.client.solrj.impl.CloudSolrClient' (OnClassCondition)

   SpringApplicationAdminJmxAutoConfiguration:
      Did not match:
         - @ConditionalOnProperty (spring.application.admin.enabled=true) did not find property 'enabled' (OnPropertyCondition)

   SpringBootWebSecurityConfiguration.SecurityFilterChainConfiguration:
      Did not match:
         - AllNestedConditions 1 matched 1 did not; NestedCondition on DefaultWebSecurityCondition.Beans @ConditionalOnMissingBean (types: org.springframework.security.config.annotation.web.configuration.WebSecurityConfigurerAdapter,org.springframework.security.web.SecurityFilterChain; SearchStrategy: all) found beans of type 'org.springframework.security.web.SecurityFilterChain' securityFilterChain; NestedCondition on DefaultWebSecurityCondition.Classes @ConditionalOnClass found required classes 'org.springframework.security.web.SecurityFilterChain', 'org.springframework.security.config.annotation.web.builders.HttpSecurity' (DefaultWebSecurityCondition)

   SpringDataWebAutoConfiguration:
      Did not match:
         - @ConditionalOnClass did not find required class 'org.springframework.data.web.PageableHandlerMethodArgumentResolver' (OnClassCondition)

   TaskSchedulingAutoConfiguration#scheduledBeanLazyInitializationExcludeFilter:
      Did not match:
         - @ConditionalOnBean (names: org.springframework.context.annotation.internalScheduledAnnotationProcessor; SearchStrategy: all) did not find any beans named org.springframework.context.annotation.internalScheduledAnnotationProcessor (OnBeanCondition)

   TaskSchedulingAutoConfiguration#taskScheduler:
      Did not match:
         - @ConditionalOnBean (names: org.springframework.context.annotation.internalScheduledAnnotationProcessor; SearchStrategy: all) did not find any beans named org.springframework.context.annotation.internalScheduledAnnotationProcessor (OnBeanCondition)

   ThymeleafAutoConfiguration:
      Did not match:
         - @ConditionalOnClass did not find required class 'org.thymeleaf.spring5.SpringTemplateEngine' (OnClassCondition)

   TransactionAutoConfiguration#transactionalOperator:
      Did not match:
         - @ConditionalOnSingleCandidate (types: org.springframework.transaction.ReactiveTransactionManager; SearchStrategy: all) did not find any beans (OnBeanCondition)

   TransactionAutoConfiguration.AspectJTransactionManagementConfiguration:
      Did not match:
         - @ConditionalOnBean did not find required type 'org.springframework.transaction.aspectj.AbstractTransactionAspect' (OnBeanCondition)
         - @ConditionalOnBean (types: org.springframework.transaction.aspectj.AbstractTransactionAspect; SearchStrategy: all) did not find any beans of type org.springframework.transaction.aspectj.AbstractTransactionAspect (OnBeanCondition)

   TransactionAutoConfiguration.EnableTransactionManagementConfiguration.JdkDynamicAutoProxyConfiguration:
      Did not match:
         - @ConditionalOnProperty (spring.aop.proxy-target-class=false) did not find property 'proxy-target-class' (OnPropertyCondition)

   WebClientAutoConfiguration:
      Did not match:
         - @ConditionalOnClass did not find required class 'org.springframework.web.reactive.function.client.WebClient' (OnClassCondition)

   WebFluxAutoConfiguration:
      Did not match:
         - @ConditionalOnClass did not find required class 'org.springframework.web.reactive.config.WebFluxConfigurer' (OnClassCondition)

   WebMvcAutoConfiguration#hiddenHttpMethodFilter:
      Did not match:
         - @ConditionalOnProperty (spring.mvc.hiddenmethod.filter.enabled) did not find property 'enabled' (OnPropertyCondition)

   WebMvcAutoConfiguration.ResourceChainCustomizerConfiguration:
      Did not match:
         - @ConditionalOnEnabledResourceChain did not find class org.webjars.WebJarAssetLocator (OnEnabledResourceChainCondition)

   WebMvcAutoConfiguration.WebMvcAutoConfigurationAdapter#beanNameViewResolver:
      Did not match:
         - @ConditionalOnMissingBean (types: org.springframework.web.servlet.view.BeanNameViewResolver; SearchStrategy: all) found beans of type 'org.springframework.web.servlet.view.BeanNameViewResolver' beanNameViewResolver (OnBeanCondition)

   WebServiceTemplateAutoConfiguration:
      Did not match:
         - @ConditionalOnClass did not find required class 'org.springframework.oxm.Marshaller' (OnClassCondition)

   WebServicesAutoConfiguration:
      Did not match:
         - @ConditionalOnClass did not find required class 'org.springframework.ws.transport.http.MessageDispatcherServlet' (OnClassCondition)

   WebSessionIdResolverAutoConfiguration:
      Did not match:
         - @ConditionalOnClass did not find required class 'reactor.core.publisher.Mono' (OnClassCondition)

   WebSocketMessagingAutoConfiguration:
      Did not match:
         - @ConditionalOnClass did not find required class 'org.springframework.web.socket.config.annotation.WebSocketMessageBrokerConfigurer' (OnClassCondition)

   WebSocketReactiveAutoConfiguration:
      Did not match:
         - @ConditionalOnWebApplication did not find reactive web application classes (OnWebApplicationCondition)

   WebSocketServletAutoConfiguration.Jetty10WebSocketConfiguration:
      Did not match:
         - @ConditionalOnClass did not find required classes 'org.eclipse.jetty.websocket.javax.server.internal.JavaxWebSocketServerContainer', 'org.eclipse.jetty.websocket.server.JettyWebSocketServerContainer' (OnClassCondition)

   WebSocketServletAutoConfiguration.JettyWebSocketConfiguration:
      Did not match:
         - @ConditionalOnClass did not find required class 'org.eclipse.jetty.websocket.jsr356.server.deploy.WebSocketServerContainerInitializer' (OnClassCondition)

   WebSocketServletAutoConfiguration.UndertowWebSocketConfiguration:
      Did not match:
         - @ConditionalOnClass did not find required class 'io.undertow.websockets.jsr.Bootstrap' (OnClassCondition)

   XADataSourceAutoConfiguration:
      Did not match:
         - @ConditionalOnClass did not find required class 'javax.transaction.TransactionManager' (OnClassCondition)


Exclusions:
-----------

    None


Unconditional classes:
----------------------

    org.springframework.boot.autoconfigure.context.ConfigurationPropertiesAutoConfiguration

    org.springframework.boot.autoconfigure.context.LifecycleAutoConfiguration

    org.springframework.boot.autoconfigure.context.PropertyPlaceholderAutoConfiguration

    org.springframework.boot.autoconfigure.availability.ApplicationAvailabilityAutoConfiguration

    org.springframework.boot.autoconfigure.info.ProjectInfoAutoConfiguration



2026-05-07 13:38:07.485  INFO 30008 --- [           main] c.c.b.CampusBookShareApplication         : Started CampusBookShareApplication in 6.105 seconds (JVM running for 7.073)
2026-05-07 13:38:07.489 DEBUG 30008 --- [           main] o.s.b.a.ApplicationAvailabilityBean      : Application availability state LivenessState changed to CORRECT
Creating a new SqlSession
SqlSession [org.apache.ibatis.session.defaults.DefaultSqlSession@ba1f559] was not registered for synchronization because synchronization is not active
2026-05-07 13:38:07.681  INFO 30008 --- [           main] com.zaxxer.hikari.HikariDataSource       : HikariPool-1 - Starting...
2026-05-07 13:38:08.004  INFO 30008 --- [           main] com.zaxxer.hikari.HikariDataSource       : HikariPool-1 - Start completed.
JDBC Connection [HikariProxyConnection@1654589039 wrapping com.mysql.cj.jdbc.ConnectionImpl@1542af63] will not be managed by Spring
==>  Preparing: SELECT id,password FROM user
==> Parameters: 
<==    Columns: id, password
<==        Row: 1, $2a$10$zNC2N6uxZ6wM5FX9oRpQ8e6tRKankHJdTvVpiR0.RJu2qFMYBSjia
<==        Row: 2, $2a$10$zNC2N6uxZ6wM5FX9oRpQ8e6tRKankHJdTvVpiR0.RJu2qFMYBSjia
<==        Row: 3, $2a$10$zNC2N6uxZ6wM5FX9oRpQ8e6tRKankHJdTvVpiR0.RJu2qFMYBSjia
<==        Row: 4, $2a$10$zNC2N6uxZ6wM5FX9oRpQ8e6tRKankHJdTvVpiR0.RJu2qFMYBSjia
<==      Total: 4
Closing non transactional SqlSession [org.apache.ibatis.session.defaults.DefaultSqlSession@ba1f559]
2026-05-07 13:38:08.149 DEBUG 30008 --- [           main] o.s.b.a.ApplicationAvailabilityBean      : Application availability state ReadinessState changed to ACCEPTING_TRAFFIC
2026-05-07 13:38:10.366  INFO 30008 --- [nio-8080-exec-1] o.a.c.c.C.[Tomcat].[localhost].[/]       : Initializing Spring DispatcherServlet 'dispatcherServlet'
2026-05-07 13:38:10.366  INFO 30008 --- [nio-8080-exec-1] o.s.web.servlet.DispatcherServlet        : Initializing Servlet 'dispatcherServlet'
2026-05-07 13:38:10.367 DEBUG 30008 --- [nio-8080-exec-1] o.s.web.servlet.DispatcherServlet        : Detected StandardServletMultipartResolver
2026-05-07 13:38:10.367 DEBUG 30008 --- [nio-8080-exec-1] o.s.web.servlet.DispatcherServlet        : Detected AcceptHeaderLocaleResolver
2026-05-07 13:38:10.367 DEBUG 30008 --- [nio-8080-exec-1] o.s.web.servlet.DispatcherServlet        : Detected FixedThemeResolver
2026-05-07 13:38:10.368 DEBUG 30008 --- [nio-8080-exec-1] o.s.web.servlet.DispatcherServlet        : Detected org.springframework.web.servlet.view.DefaultRequestToViewNameTranslator@5f46a90b
2026-05-07 13:38:10.369 DEBUG 30008 --- [nio-8080-exec-1] o.s.web.servlet.DispatcherServlet        : Detected org.springframework.web.servlet.support.SessionFlashMapManager@24408588
2026-05-07 13:38:10.369 DEBUG 30008 --- [nio-8080-exec-1] o.s.web.servlet.DispatcherServlet        : enableLoggingRequestDetails='false': request parameters and headers will be masked to prevent unsafe logging of potentially sensitive data
2026-05-07 13:38:10.369  INFO 30008 --- [nio-8080-exec-1] o.s.web.servlet.DispatcherServlet        : Completed initialization in 2 ms
2026-05-07 13:38:10.395 DEBUG 30008 --- [nio-8080-exec-1] s.w.s.m.m.a.RequestMappingHandlerMapping : Mapped to com.campus.bookshare.controller.HealthController#health()
2026-05-07 13:38:10.407 DEBUG 30008 --- [nio-8080-exec-1] o.s.web.servlet.DispatcherServlet        : GET "/api/health", parameters={}
2026-05-07 13:38:10.410 DEBUG 30008 --- [nio-8080-exec-1] s.w.s.m.m.a.RequestMappingHandlerMapping : Mapped to com.campus.bookshare.controller.HealthController#health()
2026-05-07 13:38:10.482 DEBUG 30008 --- [nio-8080-exec-1] m.m.a.RequestResponseBodyMethodProcessor : Using 'application/json', given [*/*] and supported [application/json, application/*+json, application/json, application/*+json]
2026-05-07 13:38:10.484 DEBUG 30008 --- [nio-8080-exec-1] m.m.a.RequestResponseBodyMethodProcessor : Writing [com.campus.bookshare.common.Result@872bb40]
2026-05-07 13:38:10.550 DEBUG 30008 --- [nio-8080-exec-1] o.s.web.servlet.DispatcherServlet        : Completed 200 OK
2026-05-07 13:38:29.786 DEBUG 30008 --- [nio-8080-exec-3] s.w.s.m.m.a.RequestMappingHandlerMapping : Mapped to com.campus.bookshare.controller.HealthController#health()
2026-05-07 13:38:29.788 DEBUG 30008 --- [nio-8080-exec-3] o.s.web.servlet.DispatcherServlet        : GET "/api/health", parameters={}
2026-05-07 13:38:29.788 DEBUG 30008 --- [nio-8080-exec-3] s.w.s.m.m.a.RequestMappingHandlerMapping : Mapped to com.campus.bookshare.controller.HealthController#health()
2026-05-07 13:38:29.788 DEBUG 30008 --- [nio-8080-exec-3] m.m.a.RequestResponseBodyMethodProcessor : Using 'application/json', given [*/*] and supported [application/json, application/*+json, application/json, application/*+json]
2026-05-07 13:38:29.788 DEBUG 30008 --- [nio-8080-exec-3] m.m.a.RequestResponseBodyMethodProcessor : Writing [com.campus.bookshare.common.Result@1018f5e4]
2026-05-07 13:38:29.792 DEBUG 30008 --- [nio-8080-exec-3] o.s.web.servlet.DispatcherServlet        : Completed 200 OK
2026-05-07 13:38:49.514 DEBUG 30008 --- [nio-8080-exec-5] s.w.s.m.m.a.RequestMappingHandlerMapping : Mapped to com.campus.bookshare.controller.AuthController#login(LoginDTO)
2026-05-07 13:38:49.514 DEBUG 30008 --- [nio-8080-exec-6] s.w.s.m.m.a.RequestMappingHandlerMapping : Mapped to com.campus.bookshare.controller.AuthController#login(LoginDTO)
2026-05-07 13:38:49.515 DEBUG 30008 --- [nio-8080-exec-5] o.s.web.servlet.DispatcherServlet        : POST "/api/auth/login", parameters={}
2026-05-07 13:38:49.515 DEBUG 30008 --- [nio-8080-exec-6] o.s.web.servlet.DispatcherServlet        : POST "/api/auth/login", parameters={}
2026-05-07 13:38:49.516 DEBUG 30008 --- [nio-8080-exec-5] s.w.s.m.m.a.RequestMappingHandlerMapping : Mapped to com.campus.bookshare.controller.AuthController#login(LoginDTO)
2026-05-07 13:38:49.516 DEBUG 30008 --- [nio-8080-exec-6] s.w.s.m.m.a.RequestMappingHandlerMapping : Mapped to com.campus.bookshare.controller.AuthController#login(LoginDTO)
2026-05-07 13:38:49.583 DEBUG 30008 --- [nio-8080-exec-7] s.w.s.m.m.a.RequestMappingHandlerMapping : Mapped to com.campus.bookshare.controller.AuthController#login(LoginDTO)
2026-05-07 13:38:49.584 DEBUG 30008 --- [nio-8080-exec-7] o.s.web.servlet.DispatcherServlet        : POST "/api/auth/login", parameters={}
2026-05-07 13:38:49.585 DEBUG 30008 --- [nio-8080-exec-7] s.w.s.m.m.a.RequestMappingHandlerMapping : Mapped to com.campus.bookshare.controller.AuthController#login(LoginDTO)
2026-05-07 13:38:49.595 DEBUG 30008 --- [nio-8080-exec-7] m.m.a.RequestResponseBodyMethodProcessor : Read "application/json;charset=UTF-8" to [LoginDTO(username=admin, password=123456)]
2026-05-07 13:38:49.595 DEBUG 30008 --- [nio-8080-exec-6] m.m.a.RequestResponseBodyMethodProcessor : Read "application/json;charset=UTF-8" to [LoginDTO(username=admin, password=123456)]
2026-05-07 13:38:49.595 DEBUG 30008 --- [nio-8080-exec-5] m.m.a.RequestResponseBodyMethodProcessor : Read "application/json;charset=UTF-8" to [LoginDTO(username=admin, password=123456)]
Creating a new SqlSession
Creating a new SqlSession
Creating a new SqlSession
SqlSession [org.apache.ibatis.session.defaults.DefaultSqlSession@6da1fae0] was not registered for synchronization because synchronization is not active
SqlSession [org.apache.ibatis.session.defaults.DefaultSqlSession@3bbdd009] was not registered for synchronization because synchronization is not active
SqlSession [org.apache.ibatis.session.defaults.DefaultSqlSession@5e7e1f92] was not registered for synchronization because synchronization is not active
JDBC Connection [HikariProxyConnection@843266110 wrapping com.mysql.cj.jdbc.ConnectionImpl@2b26cc51] will not be managed by Spring
JDBC Connection [HikariProxyConnection@1673953121 wrapping com.mysql.cj.jdbc.ConnectionImpl@3f906f29] will not be managed by Spring
JDBC Connection [HikariProxyConnection@150165941 wrapping com.mysql.cj.jdbc.ConnectionImpl@1542af63] will not be managed by Spring
==>  Preparing: SELECT id,username,password,phone,college,major,grade,points,credit_score,role,status,create_time,update_time FROM user WHERE (username = ?)
==>  Preparing: SELECT id,username,password,phone,college,major,grade,points,credit_score,role,status,create_time,update_time FROM user WHERE (username = ?)
==>  Preparing: SELECT id,username,password,phone,college,major,grade,points,credit_score,role,status,create_time,update_time FROM user WHERE (username = ?)
==> Parameters: admin(String)
==> Parameters: admin(String)
==> Parameters: admin(String)
<==    Columns: id, username, password, phone, college, major, grade, points, credit_score, role, status, create_time, update_time
<==    Columns: id, username, password, phone, college, major, grade, points, credit_score, role, status, create_time, update_time
<==    Columns: id, username, password, phone, college, major, grade, points, credit_score, role, status, create_time, update_time
<==        Row: 1, admin, $2a$10$zNC2N6uxZ6wM5FX9oRpQ8e6tRKankHJdTvVpiR0.RJu2qFMYBSjia, 13800000000, 信息工程学院, 信息管理与信息系统, 教师, 200, 100, ADMIN, 1, 2026-05-07 11:14:55, 2026-05-07 11:14:55
<==        Row: 1, admin, $2a$10$zNC2N6uxZ6wM5FX9oRpQ8e6tRKankHJdTvVpiR0.RJu2qFMYBSjia, 13800000000, 信息工程学院, 信息管理与信息系统, 教师, 200, 100, ADMIN, 1, 2026-05-07 11:14:55, 2026-05-07 11:14:55
<==        Row: 1, admin, $2a$10$zNC2N6uxZ6wM5FX9oRpQ8e6tRKankHJdTvVpiR0.RJu2qFMYBSjia, 13800000000, 信息工程学院, 信息管理与信息系统, 教师, 200, 100, ADMIN, 1, 2026-05-07 11:14:55, 2026-05-07 11:14:55
<==      Total: 1
<==      Total: 1
<==      Total: 1
Closing non transactional SqlSession [org.apache.ibatis.session.defaults.DefaultSqlSession@5e7e1f92]
Closing non transactional SqlSession [org.apache.ibatis.session.defaults.DefaultSqlSession@6da1fae0]
Closing non transactional SqlSession [org.apache.ibatis.session.defaults.DefaultSqlSession@3bbdd009]
2026-05-07 13:38:49.863 DEBUG 30008 --- [nio-8080-exec-8] s.w.s.m.m.a.RequestMappingHandlerMapping : Mapped to com.campus.bookshare.controller.AuthController#login(LoginDTO)
2026-05-07 13:38:49.864 DEBUG 30008 --- [nio-8080-exec-8] o.s.web.servlet.DispatcherServlet        : POST "/api/auth/login", parameters={}
2026-05-07 13:38:49.865 DEBUG 30008 --- [nio-8080-exec-8] s.w.s.m.m.a.RequestMappingHandlerMapping : Mapped to com.campus.bookshare.controller.AuthController#login(LoginDTO)
2026-05-07 13:38:49.866 DEBUG 30008 --- [nio-8080-exec-8] m.m.a.RequestResponseBodyMethodProcessor : Read "application/json;charset=UTF-8" to [LoginDTO(username=admin, password=123456)]
Creating a new SqlSession
SqlSession [org.apache.ibatis.session.defaults.DefaultSqlSession@9cf037d] was not registered for synchronization because synchronization is not active
JDBC Connection [HikariProxyConnection@1626122187 wrapping com.mysql.cj.jdbc.ConnectionImpl@1542af63] will not be managed by Spring
==>  Preparing: SELECT id,username,password,phone,college,major,grade,points,credit_score,role,status,create_time,update_time FROM user WHERE (username = ?)
==> Parameters: admin(String)
<==    Columns: id, username, password, phone, college, major, grade, points, credit_score, role, status, create_time, update_time
<==        Row: 1, admin, $2a$10$zNC2N6uxZ6wM5FX9oRpQ8e6tRKankHJdTvVpiR0.RJu2qFMYBSjia, 13800000000, 信息工程学院, 信息管理与信息系统, 教师, 200, 100, ADMIN, 1, 2026-05-07 11:14:55, 2026-05-07 11:14:55
<==      Total: 1
Closing non transactional SqlSession [org.apache.ibatis.session.defaults.DefaultSqlSession@9cf037d]
2026-05-07 13:38:50.120 DEBUG 30008 --- [nio-8080-exec-8] m.m.a.RequestResponseBodyMethodProcessor : Using 'application/json', given [*/*] and supported [application/json, application/*+json, application/json, application/*+json]
2026-05-07 13:38:50.120 DEBUG 30008 --- [nio-8080-exec-5] m.m.a.RequestResponseBodyMethodProcessor : Using 'application/json', given [*/*] and supported [application/json, application/*+json, application/json, application/*+json]
2026-05-07 13:38:50.120 DEBUG 30008 --- [nio-8080-exec-7] m.m.a.RequestResponseBodyMethodProcessor : Using 'application/json', given [*/*] and supported [application/json, application/*+json, application/json, application/*+json]
2026-05-07 13:38:50.120 DEBUG 30008 --- [nio-8080-exec-6] m.m.a.RequestResponseBodyMethodProcessor : Using 'application/json', given [*/*] and supported [application/json, application/*+json, application/json, application/*+json]
2026-05-07 13:38:50.120 DEBUG 30008 --- [nio-8080-exec-8] m.m.a.RequestResponseBodyMethodProcessor : Writing [com.campus.bookshare.common.Result@56179e48]
2026-05-07 13:38:50.121 DEBUG 30008 --- [nio-8080-exec-5] m.m.a.RequestResponseBodyMethodProcessor : Writing [com.campus.bookshare.common.Result@33ebd1a1]
2026-05-07 13:38:50.121 DEBUG 30008 --- [nio-8080-exec-7] m.m.a.RequestResponseBodyMethodProcessor : Writing [com.campus.bookshare.common.Result@d05a64f]
2026-05-07 13:38:50.121 DEBUG 30008 --- [nio-8080-exec-6] m.m.a.RequestResponseBodyMethodProcessor : Writing [com.campus.bookshare.common.Result@7cc58aa6]
2026-05-07 13:38:50.124 DEBUG 30008 --- [nio-8080-exec-8] o.s.web.servlet.DispatcherServlet        : Completed 200 OK
2026-05-07 13:38:50.124 DEBUG 30008 --- [nio-8080-exec-5] o.s.web.servlet.DispatcherServlet        : Completed 200 OK
2026-05-07 13:38:50.124 DEBUG 30008 --- [nio-8080-exec-6] o.s.web.servlet.DispatcherServlet        : Completed 200 OK
2026-05-07 13:38:50.124 DEBUG 30008 --- [nio-8080-exec-7] o.s.web.servlet.DispatcherServlet        : Completed 200 OK
2026-05-07 13:38:50.191 DEBUG 30008 --- [io-8080-exec-10] s.w.s.m.m.a.RequestMappingHandlerMapping : Mapped to com.campus.bookshare.controller.AdminBookController#list(BookQueryDTO, String)
2026-05-07 13:38:50.191 DEBUG 30008 --- [nio-8080-exec-1] s.w.s.m.m.a.RequestMappingHandlerMapping : Mapped to com.campus.bookshare.controller.AdminUserController#list(String)
2026-05-07 13:38:50.191 DEBUG 30008 --- [nio-8080-exec-9] s.w.s.m.m.a.RequestMappingHandlerMapping : Mapped to com.campus.bookshare.controller.AdminEvaluationController#list()
2026-05-07 13:38:50.191 DEBUG 30008 --- [nio-8080-exec-2] s.w.s.m.m.a.RequestMappingHandlerMapping : Mapped to com.campus.bookshare.controller.ReportController#list()
2026-05-07 13:38:50.193 DEBUG 30008 --- [nio-8080-exec-1] o.s.web.servlet.DispatcherServlet        : GET "/api/admin/users", parameters={}
2026-05-07 13:38:50.193 DEBUG 30008 --- [nio-8080-exec-2] o.s.web.servlet.DispatcherServlet        : GET "/api/admin/reports", parameters={}
2026-05-07 13:38:50.193 DEBUG 30008 --- [nio-8080-exec-1] s.w.s.m.m.a.RequestMappingHandlerMapping : Mapped to com.campus.bookshare.controller.AdminUserController#list(String)
2026-05-07 13:38:50.193 DEBUG 30008 --- [nio-8080-exec-9] o.s.web.servlet.DispatcherServlet        : GET "/api/admin/evaluations", parameters={}
2026-05-07 13:38:50.193 DEBUG 30008 --- [io-8080-exec-10] o.s.web.servlet.DispatcherServlet        : GET "/api/admin/books?status=ON_SHELF", parameters={masked}
2026-05-07 13:38:50.194 DEBUG 30008 --- [nio-8080-exec-9] s.w.s.m.m.a.RequestMappingHandlerMapping : Mapped to com.campus.bookshare.controller.AdminEvaluationController#list()
2026-05-07 13:38:50.194 DEBUG 30008 --- [io-8080-exec-10] s.w.s.m.m.a.RequestMappingHandlerMapping : Mapped to com.campus.bookshare.controller.AdminBookController#list(BookQueryDTO, String)
2026-05-07 13:38:50.194 DEBUG 30008 --- [nio-8080-exec-2] s.w.s.m.m.a.RequestMappingHandlerMapping : Mapped to com.campus.bookshare.controller.ReportController#list()
Creating a new SqlSession
SqlSession [org.apache.ibatis.session.defaults.DefaultSqlSession@2cbab395] was not registered for synchronization because synchronization is not active
JDBC Connection [HikariProxyConnection@162078082 wrapping com.mysql.cj.jdbc.ConnectionImpl@1542af63] will not be managed by Spring
==>  Preparing: SELECT id,username,password,phone,college,major,grade,points,credit_score,role,status,create_time,update_time FROM user ORDER BY create_time DESC
==> Parameters: 
<==    Columns: id, username, password, phone, college, major, grade, points, credit_score, role, status, create_time, update_time
<==        Row: 1, admin, $2a$10$zNC2N6uxZ6wM5FX9oRpQ8e6tRKankHJdTvVpiR0.RJu2qFMYBSjia, 13800000000, 信息工程学院, 信息管理与信息系统, 教师, 200, 100, ADMIN, 1, 2026-05-07 11:14:55, 2026-05-07 11:14:55
<==        Row: 2, zhangsan, $2a$10$zNC2N6uxZ6wM5FX9oRpQ8e6tRKankHJdTvVpiR0.RJu2qFMYBSjia, 13800000001, 计算机学院, 计算机科学与技术, 2022级, 174, 98, USER, 1, 2026-05-07 11:14:55, 2026-05-07 11:14:55
<==        Row: 3, lisi, $2a$10$zNC2N6uxZ6wM5FX9oRpQ8e6tRKankHJdTvVpiR0.RJu2qFMYBSjia, 13800000002, 软件学院, 软件工程, 2023级, 132, 97, USER, 1, 2026-05-07 11:14:55, 2026-05-07 11:14:55
Creating a new SqlSession
<==        Row: 4, wangwu, $2a$10$zNC2N6uxZ6wM5FX9oRpQ8e6tRKankHJdTvVpiR0.RJu2qFMYBSjia, 13800000003, 网络空间安全学院, 网络工程, 2021级, 140, 99, USER, 1, 2026-05-07 11:14:55, 2026-05-07 11:14:55
SqlSession [org.apache.ibatis.session.defaults.DefaultSqlSession@2bbc680] was not registered for synchronization because synchronization is not active
<==      Total: 4
JDBC Connection [HikariProxyConnection@1465731607 wrapping com.mysql.cj.jdbc.ConnectionImpl@3f906f29] will not be managed by Spring
Closing non transactional SqlSession [org.apache.ibatis.session.defaults.DefaultSqlSession@2cbab395]
==>  Preparing: SELECT id,reporter_id,target_type,target_id,reason,status,create_time,handle_time FROM report ORDER BY create_time DESC
==> Parameters: 
<==    Columns: id, reporter_id, target_type, target_id, reason, status, create_time, handle_time
<==        Row: 2, 3, BOOK, 1, 前端联调举报测试, PENDING, 2026-05-07 13:01:35, null
Creating a new SqlSession
SqlSession [org.apache.ibatis.session.defaults.DefaultSqlSession@38248a57] was not registered for synchronization because synchronization is not active
<==        Row: 1, 2, BOOK, 8, 信息描述过于简单，建议补充版本信息。, PROCESSED, 2026-04-22 11:00:00, 2026-04-22 16:30:00
JDBC Connection [HikariProxyConnection@366479514 wrapping com.mysql.cj.jdbc.ConnectionImpl@1542af63] will not be managed by Spring
==>  Preparing: SELECT id,order_id,evaluator_id,target_user_id,book_score,user_score,content,create_time FROM evaluation ORDER BY create_time DESC
<==      Total: 2
==> Parameters: 
Closing non transactional SqlSession [org.apache.ibatis.session.defaults.DefaultSqlSession@2bbc680]
<==    Columns: id, order_id, evaluator_id, target_user_id, book_score, user_score, content, create_time
<==        Row: 5, 11, 3, 2, 5, 5, 前端联调评价内容, 2026-05-07 13:01:33
<==        Row: 4, 9, 3, 2, 5, 5, 前端联调评价内容, 2026-05-07 12:58:29
<==        Row: 3, 8, 3, 2, 5, 5, 前端联调评价内容, 2026-05-07 12:52:07
<==        Row: 2, 2, 2, 3, 5, 5, 借阅流程清晰，按时归还。, 2026-04-29 20:10:00
2026-05-07 13:38:50.265 DEBUG 30008 --- [nio-8080-exec-1] m.m.a.RequestResponseBodyMethodProcessor : Using 'application/json', given [*/*] and supported [application/json, application/*+json, application/json, application/*+json]
<==        Row: 1, 1, 3, 2, 5, 5, 书籍保存很好，交易沟通顺畅。, 2026-04-10 19:00:00
Creating a new SqlSession
<==      Total: 5
2026-05-07 13:38:50.265 DEBUG 30008 --- [nio-8080-exec-1] m.m.a.RequestResponseBodyMethodProcessor : Writing [com.campus.bookshare.common.Result@4018c6e3]
Closing non transactional SqlSession [org.apache.ibatis.session.defaults.DefaultSqlSession@38248a57]
SqlSession [org.apache.ibatis.session.defaults.DefaultSqlSession@a1570eb] was not registered for synchronization because synchronization is not active
JDBC Connection [HikariProxyConnection@428767514 wrapping com.mysql.cj.jdbc.ConnectionImpl@1542af63] will not be managed by Spring
==>  Preparing: SELECT id,owner_id,original_owner_id,category_id,title,author,publisher,course_name,major,condition_level,cover_url,price,share_type,status,circulation_count,description,create_time,update_time FROM book WHERE (status = ?) ORDER BY create_time DESC
==> Parameters: ON_SHELF(String)
Creating a new SqlSession
SqlSession [org.apache.ibatis.session.defaults.DefaultSqlSession@286cc11] was not registered for synchronization because synchronization is not active
<==    Columns: id, owner_id, original_owner_id, category_id, title, author, publisher, course_name, major, condition_level, cover_url, price, share_type, status, circulation_count, description, create_time, update_time
JDBC Connection [HikariProxyConnection@1637671056 wrapping com.mysql.cj.jdbc.ConnectionImpl@3f906f29] will not be managed by Spring
==>  Preparing: SELECT id,username,password,phone,college,major,grade,points,credit_score,role,status,create_time,update_time FROM user WHERE id=?
==> Parameters: 3(Long)
<==        Row: 25, 2, 2, 1, Frontend Borrow Test 1778130087401, Borrow Tester, Campus Press, 借阅联调, 软件工程, 八成新, , 0.00, BORROW, ON_SHELF, 0, 用于借阅流程联调, 2026-05-07 13:01:27, 2026-05-07 13:01:27
2026-05-07 13:38:50.274 DEBUG 30008 --- [nio-8080-exec-1] o.s.web.servlet.DispatcherServlet        : Completed 200 OK
<==        Row: 24, 3, 2, 1, Frontend Donate Test Book 1778130066850, UI Tester, Campus Press, 前端联调课程, 计算机科学与技术, 八成新, https://picsum.photos/400/600, 0.00, BORROW, ON_SHELF, 1, 再次共享为借阅模式, 2026-05-07 13:01:08, 2026-05-07 13:01:08
<==    Columns: id, username, password, phone, college, major, grade, points, credit_score, role, status, create_time, update_time
<==        Row: 23, 2, 2, 1, Frontend Borrow Test 1778129903708, Borrow Tester, Campus Press, 借阅联调, 软件工程, 八成新, , 0.00, BORROW, ON_SHELF, 0, 用于借阅流程联调, 2026-05-07 12:58:23, 2026-05-07 12:58:23
<==        Row: 3, lisi, $2a$10$zNC2N6uxZ6wM5FX9oRpQ8e6tRKankHJdTvVpiR0.RJu2qFMYBSjia, 13800000002, 软件学院, 软件工程, 2023级, 132, 97, USER, 1, 2026-05-07 11:14:55, 2026-05-07 11:14:55
Creating a new SqlSession
SqlSession [org.apache.ibatis.session.defaults.DefaultSqlSession@7c197931] was not registered for synchronization because synchronization is not active
JDBC Connection [HikariProxyConnection@1401212488 wrapping com.mysql.cj.jdbc.ConnectionImpl@2b26cc51] will not be managed by Spring
<==        Row: 22, 3, 2, 1, Frontend Donate Test Book 1778129882504, UI Tester, Campus Press, 前端联调课程, 计算机科学与技术, 八成新, https://picsum.photos/400/600, 0.00, BORROW, ON_SHELF, 1, 再次共享为借阅模式, 2026-05-07 12:58:04, 2026-05-07 12:58:04
<==      Total: 1
==>  Preparing: SELECT id,username,password,phone,college,major,grade,points,credit_score,role,status,create_time,update_time FROM user WHERE id=?
Closing non transactional SqlSession [org.apache.ibatis.session.defaults.DefaultSqlSession@286cc11]
==> Parameters: 3(Long)
Creating a new SqlSession
<==        Row: 21, 2, 2, 1, Frontend Borrow Test 1778129521096, Borrow Tester, Campus Press, 借阅联调, 软件工程, 八成新, , 0.00, BORROW, ON_SHELF, 0, 用于借阅流程联调, 2026-05-07 12:52:01, 2026-05-07 12:52:01
SqlSession [org.apache.ibatis.session.defaults.DefaultSqlSession@17ed1c74] was not registered for synchronization because synchronization is not active
JDBC Connection [HikariProxyConnection@301196921 wrapping com.mysql.cj.jdbc.ConnectionImpl@3f906f29] will not be managed by Spring
<==    Columns: id, username, password, phone, college, major, grade, points, credit_score, role, status, create_time, update_time
==>  Preparing: SELECT id,username,password,phone,college,major,grade,points,credit_score,role,status,create_time,update_time FROM user WHERE id=?
<==        Row: 20, 3, 2, 1, Frontend Donate Test Book 1778129500603, UI Tester, Campus Press, 前端联调课程, 计算机科学与技术, 八成新, https://picsum.photos/400/600, 0.00, BORROW, ON_SHELF, 1, 再次共享为借阅模式, 2026-05-07 12:51:42, 2026-05-07 12:51:42
==> Parameters: 2(Long)
<==        Row: 3, lisi, $2a$10$zNC2N6uxZ6wM5FX9oRpQ8e6tRKankHJdTvVpiR0.RJu2qFMYBSjia, 13800000002, 软件学院, 软件工程, 2023级, 132, 97, USER, 1, 2026-05-07 11:14:55, 2026-05-07 11:14:55
<==        Row: 18, 2, 2, 1, Frontend Donate Test Book 1778127423447, UI Tester, Campus Press, 前端联调课程, 计算机科学与技术, 九成新, https://picsum.photos/400/600, 0.00, DONATE, ON_SHELF, 0, 用于前端联调测试的捐赠书籍, 2026-05-07 12:17:05, 2026-05-07 12:17:05
<==    Columns: id, username, password, phone, college, major, grade, points, credit_score, role, status, create_time, update_time
<==      Total: 1
Closing non transactional SqlSession [org.apache.ibatis.session.defaults.DefaultSqlSession@7c197931]
<==        Row: 17, 2, 2, 1, Frontend Donate Test Book 1778127104365, UI Tester, Campus Press, 前端联调课程, 计算机科学与技术, 九成新, https://picsum.photos/400/600, 0.00, DONATE, ON_SHELF, 0, 用于前端联调测试的捐赠书籍, 2026-05-07 12:11:46, 2026-05-07 12:11:46
<==        Row: 2, zhangsan, $2a$10$zNC2N6uxZ6wM5FX9oRpQ8e6tRKankHJdTvVpiR0.RJu2qFMYBSjia, 13800000001, 计算机学院, 计算机科学与技术, 2022级, 174, 98, USER, 1, 2026-05-07 11:14:55, 2026-05-07 11:14:55
Creating a new SqlSession
SqlSession [org.apache.ibatis.session.defaults.DefaultSqlSession@4dfc26d3] was not registered for synchronization because synchronization is not active
JDBC Connection [HikariProxyConnection@2048593580 wrapping com.mysql.cj.jdbc.ConnectionImpl@2b26cc51] will not be managed by Spring
<==        Row: 16, 2, 2, 1, Frontend Donate Test Book 1778127029397, UI Tester, Campus Press, 前端联调课程, 计算机科学与技术, 九成新, https://picsum.photos/400/600, 0.00, DONATE, ON_SHELF, 0, 用于前端联调测试的捐赠书籍, 2026-05-07 12:10:31, 2026-05-07 12:10:31
<==      Total: 1
==>  Preparing: SELECT id,username,password,phone,college,major,grade,points,credit_score,role,status,create_time,update_time FROM user WHERE id=?
Closing non transactional SqlSession [org.apache.ibatis.session.defaults.DefaultSqlSession@17ed1c74]
==> Parameters: 2(Long)
<==        Row: 13, 3, 2, 1, Compiler Principles Test Book, Test Author, Test Publisher, Compiler Principles, Computer Science, Used, , 0.00, BORROW, ON_SHELF, 1, reshare as borrow, 2026-05-07 11:15:30, 2026-05-07 11:15:30
2026-05-07 13:38:50.289 DEBUG 30008 --- [nio-8080-exec-2] m.m.a.RequestResponseBodyMethodProcessor : Using 'application/json', given [*/*] and supported [application/json, application/*+json, application/json, application/*+json]
2026-05-07 13:38:50.289 DEBUG 30008 --- [nio-8080-exec-2] m.m.a.RequestResponseBodyMethodProcessor : Writing [com.campus.bookshare.common.Result@219b8151]
<==    Columns: id, username, password, phone, college, major, grade, points, credit_score, role, status, create_time, update_time
<==        Row: 1, 2, 2, 1, Java程序设计, 耿祥义, 清华大学出版社, Java程序设计, 计算机科学与技术, 九成新, null, 18.00, SALE, ON_SHELF, 1, 适合 Java 课程学习，附少量课堂笔记。, 2026-05-07 11:14:55, 2026-05-07 11:14:55
<==        Row: 2, zhangsan, $2a$10$zNC2N6uxZ6wM5FX9oRpQ8e6tRKankHJdTvVpiR0.RJu2qFMYBSjia, 13800000001, 计算机学院, 计算机科学与技术, 2022级, 174, 98, USER, 1, 2026-05-07 11:14:55, 2026-05-07 11:14:55
<==        Row: 2, 2, 2, 1, 操作系统, 汤小丹, 西安电子科技大学出版社, 操作系统, 计算机科学与技术, 八成新, null, 15.00, SALE, ON_SHELF, 0, 页边有重点标注。, 2026-05-07 11:14:55, 2026-05-07 11:14:55
2026-05-07 13:38:50.293 DEBUG 30008 --- [nio-8080-exec-2] o.s.web.servlet.DispatcherServlet        : Completed 200 OK
<==      Total: 1
<==        Row: 3, 3, 3, 1, 数据结构, 严蔚敏, 清华大学出版社, 数据结构, 软件工程, 九成新, null, 20.00, SALE, ON_SHELF, 2, 刷题和复习常用教材。, 2026-05-07 11:14:55, 2026-05-07 11:14:55
Closing non transactional SqlSession [org.apache.ibatis.session.defaults.DefaultSqlSession@4dfc26d3]
Creating a new SqlSession
SqlSession [org.apache.ibatis.session.defaults.DefaultSqlSession@44306f1c] was not registered for synchronization because synchronization is not active
<==        Row: 4, 3, 3, 1, 数据库系统概论, 王珊, 高等教育出版社, 数据库原理, 软件工程, 九成新, null, 0.00, BORROW, ON_SHELF, 1, 可借阅两周，保持书籍整洁。, 2026-05-07 11:14:55, 2026-05-07 11:14:55
JDBC Connection [HikariProxyConnection@507893898 wrapping com.mysql.cj.jdbc.ConnectionImpl@2b26cc51] will not be managed by Spring
==>  Preparing: SELECT id,username,password,phone,college,major,grade,points,credit_score,role,status,create_time,update_time FROM user WHERE id=?
==> Parameters: 3(Long)
<==        Row: 5, 4, 4, 1, 软件工程导论, 张海藩, 清华大学出版社, 软件工程, 软件工程, 八成新, null, 0.00, BORROW, ON_SHELF, 0, 适合期末复习。, 2026-05-07 11:14:55, 2026-05-07 11:14:55
<==    Columns: id, username, password, phone, college, major, grade, points, credit_score, role, status, create_time, update_time
<==        Row: 6, 2, 2, 1, 离散数学, 屈婉玲, 高等教育出版社, 离散数学, 计算机类, 八成新, null, 0.00, BORROW, ON_SHELF, 3, 可短期借阅，建议一周内归还。, 2026-05-07 11:14:55, 2026-05-07 11:14:55
<==        Row: 3, lisi, $2a$10$zNC2N6uxZ6wM5FX9oRpQ8e6tRKankHJdTvVpiR0.RJu2qFMYBSjia, 13800000002, 软件学院, 软件工程, 2023级, 132, 97, USER, 1, 2026-05-07 11:14:55, 2026-05-07 11:14:55
<==      Total: 1
Closing non transactional SqlSession [org.apache.ibatis.session.defaults.DefaultSqlSession@44306f1c]
Creating a new SqlSession
SqlSession [org.apache.ibatis.session.defaults.DefaultSqlSession@28a7b650] was not registered for synchronization because synchronization is not active
JDBC Connection [HikariProxyConnection@1864922327 wrapping com.mysql.cj.jdbc.ConnectionImpl@2b26cc51] will not be managed by Spring
==>  Preparing: SELECT id,username,password,phone,college,major,grade,points,credit_score,role,status,create_time,update_time FROM user WHERE id=?
==> Parameters: 2(Long)
<==    Columns: id, username, password, phone, college, major, grade, points, credit_score, role, status, create_time, update_time
<==        Row: 2, zhangsan, $2a$10$zNC2N6uxZ6wM5FX9oRpQ8e6tRKankHJdTvVpiR0.RJu2qFMYBSjia, 13800000001, 计算机学院, 计算机科学与技术, 2022级, 174, 98, USER, 1, 2026-05-07 11:14:55, 2026-05-07 11:14:55
<==        Row: 7, 4, 4, 1, 计算机网络, 谢希仁, 电子工业出版社, 计算机网络, 网络工程, 九成新, null, 0.00, EXCHANGE, ON_SHELF, 1, 希望交换网络安全或路由相关教材。, 2026-05-07 11:14:55, 2026-05-07 11:14:55
<==      Total: 1
Closing non transactional SqlSession [org.apache.ibatis.session.defaults.DefaultSqlSession@28a7b650]
<==        Row: 8, 3, 3, 4, 考研英语词汇, 新东方考试研究中心, 群言出版社, 考研英语, 不限, 七成新, null, 0.00, EXCHANGE, ON_SHELF, 2, 希望交换数学或政治资料。, 2026-05-07 11:14:55, 2026-05-07 11:14:55
Creating a new SqlSession
SqlSession [org.apache.ibatis.session.defaults.DefaultSqlSession@1e8be77b] was not registered for synchronization because synchronization is not active
<==        Row: 9, 2, 2, 1, Python程序设计, 董付国, 清华大学出版社, Python程序设计, 计算机类, 九成新, null, 0.00, EXCHANGE, ON_SHELF, 0, 想换算法设计或机器学习入门书籍。, 2026-05-07 11:14:55, 2026-05-07 11:14:55
JDBC Connection [HikariProxyConnection@400137783 wrapping com.mysql.cj.jdbc.ConnectionImpl@2b26cc51] will not be managed by Spring
==>  Preparing: SELECT id,username,password,phone,college,major,grade,points,credit_score,role,status,create_time,update_time FROM user WHERE id=?
<==        Row: 10, 2, 2, 1, 高等数学, 同济大学数学系, 高等教育出版社, 高等数学, 公共课, 七成新, null, 0.00, DONATE, ON_SHELF, 4, 适合新生使用，免费捐赠。, 2026-05-07 11:14:55, 2026-05-07 11:14:55
<==        Row: 11, 3, 3, 3, 大学英语四级真题, 新东方考试研究中心, 浙江教育出版社, 大学英语, 公共课, 八成新, null, 0.00, DONATE, ON_SHELF, 1, 备考四级可直接领取。, 2026-05-07 11:14:55, 2026-05-07 11:14:55
==> Parameters: 3(Long)
<==        Row: 12, 4, 4, 4, 考研政治核心考案, 徐涛, 中国政法大学出版社, 考研政治, 不限, 八成新, null, 0.00, DONATE, ON_SHELF, 2, 考研资料捐赠给下一届同学。, 2026-05-07 11:14:55, 2026-05-07 11:14:55
<==      Total: 22
Closing non transactional SqlSession [org.apache.ibatis.session.defaults.DefaultSqlSession@a1570eb]
<==    Columns: id, username, password, phone, college, major, grade, points, credit_score, role, status, create_time, update_time
<==        Row: 3, lisi, $2a$10$zNC2N6uxZ6wM5FX9oRpQ8e6tRKankHJdTvVpiR0.RJu2qFMYBSjia, 13800000002, 软件学院, 软件工程, 2023级, 132, 97, USER, 1, 2026-05-07 11:14:55, 2026-05-07 11:14:55
<==      Total: 1
Closing non transactional SqlSession [org.apache.ibatis.session.defaults.DefaultSqlSession@1e8be77b]
Creating a new SqlSession
SqlSession [org.apache.ibatis.session.defaults.DefaultSqlSession@72a33b72] was not registered for synchronization because synchronization is not active
JDBC Connection [HikariProxyConnection@859270536 wrapping com.mysql.cj.jdbc.ConnectionImpl@2b26cc51] will not be managed by Spring
==>  Preparing: SELECT id,username,password,phone,college,major,grade,points,credit_score,role,status,create_time,update_time FROM user WHERE id=?
==> Parameters: 2(Long)
<==    Columns: id, username, password, phone, college, major, grade, points, credit_score, role, status, create_time, update_time
<==        Row: 2, zhangsan, $2a$10$zNC2N6uxZ6wM5FX9oRpQ8e6tRKankHJdTvVpiR0.RJu2qFMYBSjia, 13800000001, 计算机学院, 计算机科学与技术, 2022级, 174, 98, USER, 1, 2026-05-07 11:14:55, 2026-05-07 11:14:55
<==      Total: 1
Closing non transactional SqlSession [org.apache.ibatis.session.defaults.DefaultSqlSession@72a33b72]
Creating a new SqlSession
SqlSession [org.apache.ibatis.session.defaults.DefaultSqlSession@2312c032] was not registered for synchronization because synchronization is not active
JDBC Connection [HikariProxyConnection@406455659 wrapping com.mysql.cj.jdbc.ConnectionImpl@2b26cc51] will not be managed by Spring
==>  Preparing: SELECT id,username,password,phone,college,major,grade,points,credit_score,role,status,create_time,update_time FROM user WHERE id=?
==> Parameters: 2(Long)
<==    Columns: id, username, password, phone, college, major, grade, points, credit_score, role, status, create_time, update_time
<==        Row: 2, zhangsan, $2a$10$zNC2N6uxZ6wM5FX9oRpQ8e6tRKankHJdTvVpiR0.RJu2qFMYBSjia, 13800000001, 计算机学院, 计算机科学与技术, 2022级, 174, 98, USER, 1, 2026-05-07 11:14:55, 2026-05-07 11:14:55
<==      Total: 1
Creating a new SqlSession
Closing non transactional SqlSession [org.apache.ibatis.session.defaults.DefaultSqlSession@2312c032]
SqlSession [org.apache.ibatis.session.defaults.DefaultSqlSession@772b52e8] was not registered for synchronization because synchronization is not active
Creating a new SqlSession
JDBC Connection [HikariProxyConnection@915652037 wrapping com.mysql.cj.jdbc.ConnectionImpl@1542af63] will not be managed by Spring
SqlSession [org.apache.ibatis.session.defaults.DefaultSqlSession@5eaa85c1] was not registered for synchronization because synchronization is not active
==>  Preparing: SELECT id,name,description,create_time FROM book_category WHERE id=?
JDBC Connection [HikariProxyConnection@1804393846 wrapping com.mysql.cj.jdbc.ConnectionImpl@2b26cc51] will not be managed by Spring
==> Parameters: 1(Long)
==>  Preparing: SELECT id,username,password,phone,college,major,grade,points,credit_score,role,status,create_time,update_time FROM user WHERE id=?
==> Parameters: 3(Long)
<==    Columns: id, username, password, phone, college, major, grade, points, credit_score, role, status, create_time, update_time
<==    Columns: id, name, description, create_time
<==        Row: 3, lisi, $2a$10$zNC2N6uxZ6wM5FX9oRpQ8e6tRKankHJdTvVpiR0.RJu2qFMYBSjia, 13800000002, 软件学院, 软件工程, 2023级, 132, 97, USER, 1, 2026-05-07 11:14:55, 2026-05-07 11:14:55
<==        Row: 1, 教材, 课程配套教材, 2026-05-07 11:14:55
<==      Total: 1
<==      Total: 1
Closing non transactional SqlSession [org.apache.ibatis.session.defaults.DefaultSqlSession@5eaa85c1]
Closing non transactional SqlSession [org.apache.ibatis.session.defaults.DefaultSqlSession@772b52e8]
Creating a new SqlSession
Creating a new SqlSession
SqlSession [org.apache.ibatis.session.defaults.DefaultSqlSession@68ac77ea] was not registered for synchronization because synchronization is not active
SqlSession [org.apache.ibatis.session.defaults.DefaultSqlSession@67d3ad3a] was not registered for synchronization because synchronization is not active
JDBC Connection [HikariProxyConnection@1654813619 wrapping com.mysql.cj.jdbc.ConnectionImpl@2b26cc51] will not be managed by Spring
JDBC Connection [HikariProxyConnection@1254231866 wrapping com.mysql.cj.jdbc.ConnectionImpl@1542af63] will not be managed by Spring
==>  Preparing: SELECT id,username,password,phone,college,major,grade,points,credit_score,role,status,create_time,update_time FROM user WHERE id=?
==>  Preparing: SELECT id,username,password,phone,college,major,grade,points,credit_score,role,status,create_time,update_time FROM user WHERE id=?
==> Parameters: 2(Long)
==> Parameters: 3(Long)
<==    Columns: id, username, password, phone, college, major, grade, points, credit_score, role, status, create_time, update_time
<==    Columns: id, username, password, phone, college, major, grade, points, credit_score, role, status, create_time, update_time
<==        Row: 2, zhangsan, $2a$10$zNC2N6uxZ6wM5FX9oRpQ8e6tRKankHJdTvVpiR0.RJu2qFMYBSjia, 13800000001, 计算机学院, 计算机科学与技术, 2022级, 174, 98, USER, 1, 2026-05-07 11:14:55, 2026-05-07 11:14:55
<==        Row: 3, lisi, $2a$10$zNC2N6uxZ6wM5FX9oRpQ8e6tRKankHJdTvVpiR0.RJu2qFMYBSjia, 13800000002, 软件学院, 软件工程, 2023级, 132, 97, USER, 1, 2026-05-07 11:14:55, 2026-05-07 11:14:55
<==      Total: 1
<==      Total: 1
Closing non transactional SqlSession [org.apache.ibatis.session.defaults.DefaultSqlSession@67d3ad3a]
Closing non transactional SqlSession [org.apache.ibatis.session.defaults.DefaultSqlSession@68ac77ea]
Creating a new SqlSession
Creating a new SqlSession
SqlSession [org.apache.ibatis.session.defaults.DefaultSqlSession@33ef8c11] was not registered for synchronization because synchronization is not active
SqlSession [org.apache.ibatis.session.defaults.DefaultSqlSession@60f3d820] was not registered for synchronization because synchronization is not active
JDBC Connection [HikariProxyConnection@1236225323 wrapping com.mysql.cj.jdbc.ConnectionImpl@1542af63] will not be managed by Spring
JDBC Connection [HikariProxyConnection@1810620659 wrapping com.mysql.cj.jdbc.ConnectionImpl@2b26cc51] will not be managed by Spring
==>  Preparing: SELECT id,username,password,phone,college,major,grade,points,credit_score,role,status,create_time,update_time FROM user WHERE id=?
==> Parameters: 2(Long)
==>  Preparing: SELECT id,name,description,create_time FROM book_category WHERE id=?
==> Parameters: 1(Long)
<==    Columns: id, username, password, phone, college, major, grade, points, credit_score, role, status, create_time, update_time
<==    Columns: id, name, description, create_time
<==        Row: 2, zhangsan, $2a$10$zNC2N6uxZ6wM5FX9oRpQ8e6tRKankHJdTvVpiR0.RJu2qFMYBSjia, 13800000001, 计算机学院, 计算机科学与技术, 2022级, 174, 98, USER, 1, 2026-05-07 11:14:55, 2026-05-07 11:14:55
<==        Row: 1, 教材, 课程配套教材, 2026-05-07 11:14:55
<==      Total: 1
<==      Total: 1
Closing non transactional SqlSession [org.apache.ibatis.session.defaults.DefaultSqlSession@33ef8c11]
Closing non transactional SqlSession [org.apache.ibatis.session.defaults.DefaultSqlSession@60f3d820]
Creating a new SqlSession
SqlSession [org.apache.ibatis.session.defaults.DefaultSqlSession@55ed39de] was not registered for synchronization because synchronization is not active
2026-05-07 13:38:50.361 DEBUG 30008 --- [nio-8080-exec-9] m.m.a.RequestResponseBodyMethodProcessor : Using 'application/json', given [*/*] and supported [application/json, application/*+json, application/json, application/*+json]
2026-05-07 13:38:50.362 DEBUG 30008 --- [nio-8080-exec-9] m.m.a.RequestResponseBodyMethodProcessor : Writing [com.campus.bookshare.common.Result@366ec8eb]
JDBC Connection [HikariProxyConnection@1265884213 wrapping com.mysql.cj.jdbc.ConnectionImpl@1542af63] will not be managed by Spring
==>  Preparing: SELECT id,username,password,phone,college,major,grade,points,credit_score,role,status,create_time,update_time FROM user WHERE id=?
==> Parameters: 3(Long)
<==    Columns: id, username, password, phone, college, major, grade, points, credit_score, role, status, create_time, update_time
2026-05-07 13:38:50.365 DEBUG 30008 --- [nio-8080-exec-9] o.s.web.servlet.DispatcherServlet        : Completed 200 OK
<==        Row: 3, lisi, $2a$10$zNC2N6uxZ6wM5FX9oRpQ8e6tRKankHJdTvVpiR0.RJu2qFMYBSjia, 13800000002, 软件学院, 软件工程, 2023级, 132, 97, USER, 1, 2026-05-07 11:14:55, 2026-05-07 11:14:55
<==      Total: 1
Closing non transactional SqlSession [org.apache.ibatis.session.defaults.DefaultSqlSession@55ed39de]
Creating a new SqlSession
SqlSession [org.apache.ibatis.session.defaults.DefaultSqlSession@3f4024dd] was not registered for synchronization because synchronization is not active
JDBC Connection [HikariProxyConnection@700475958 wrapping com.mysql.cj.jdbc.ConnectionImpl@1542af63] will not be managed by Spring
==>  Preparing: SELECT id,name,description,create_time FROM book_category WHERE id=?
==> Parameters: 1(Long)
<==    Columns: id, name, description, create_time
<==        Row: 1, 教材, 课程配套教材, 2026-05-07 11:14:55
<==      Total: 1
Closing non transactional SqlSession [org.apache.ibatis.session.defaults.DefaultSqlSession@3f4024dd]
Creating a new SqlSession
SqlSession [org.apache.ibatis.session.defaults.DefaultSqlSession@5308cd79] was not registered for synchronization because synchronization is not active
JDBC Connection [HikariProxyConnection@1842380041 wrapping com.mysql.cj.jdbc.ConnectionImpl@1542af63] will not be managed by Spring
==>  Preparing: SELECT id,username,password,phone,college,major,grade,points,credit_score,role,status,create_time,update_time FROM user WHERE id=?
==> Parameters: 2(Long)
<==    Columns: id, username, password, phone, college, major, grade, points, credit_score, role, status, create_time, update_time
<==        Row: 2, zhangsan, $2a$10$zNC2N6uxZ6wM5FX9oRpQ8e6tRKankHJdTvVpiR0.RJu2qFMYBSjia, 13800000001, 计算机学院, 计算机科学与技术, 2022级, 174, 98, USER, 1, 2026-05-07 11:14:55, 2026-05-07 11:14:55
<==      Total: 1
Closing non transactional SqlSession [org.apache.ibatis.session.defaults.DefaultSqlSession@5308cd79]
Creating a new SqlSession
SqlSession [org.apache.ibatis.session.defaults.DefaultSqlSession@68be32b7] was not registered for synchronization because synchronization is not active
JDBC Connection [HikariProxyConnection@2101893596 wrapping com.mysql.cj.jdbc.ConnectionImpl@1542af63] will not be managed by Spring
==>  Preparing: SELECT id,name,description,create_time FROM book_category WHERE id=?
==> Parameters: 1(Long)
<==    Columns: id, name, description, create_time
<==        Row: 1, 教材, 课程配套教材, 2026-05-07 11:14:55
<==      Total: 1
Closing non transactional SqlSession [org.apache.ibatis.session.defaults.DefaultSqlSession@68be32b7]
Creating a new SqlSession
SqlSession [org.apache.ibatis.session.defaults.DefaultSqlSession@d313ba6] was not registered for synchronization because synchronization is not active
JDBC Connection [HikariProxyConnection@344169277 wrapping com.mysql.cj.jdbc.ConnectionImpl@1542af63] will not be managed by Spring
==>  Preparing: SELECT id,username,password,phone,college,major,grade,points,credit_score,role,status,create_time,update_time FROM user WHERE id=?
==> Parameters: 3(Long)
<==    Columns: id, username, password, phone, college, major, grade, points, credit_score, role, status, create_time, update_time
<==        Row: 3, lisi, $2a$10$zNC2N6uxZ6wM5FX9oRpQ8e6tRKankHJdTvVpiR0.RJu2qFMYBSjia, 13800000002, 软件学院, 软件工程, 2023级, 132, 97, USER, 1, 2026-05-07 11:14:55, 2026-05-07 11:14:55
<==      Total: 1
Closing non transactional SqlSession [org.apache.ibatis.session.defaults.DefaultSqlSession@d313ba6]
Creating a new SqlSession
SqlSession [org.apache.ibatis.session.defaults.DefaultSqlSession@4a9f74f5] was not registered for synchronization because synchronization is not active
JDBC Connection [HikariProxyConnection@1324845579 wrapping com.mysql.cj.jdbc.ConnectionImpl@1542af63] will not be managed by Spring
==>  Preparing: SELECT id,name,description,create_time FROM book_category WHERE id=?
==> Parameters: 1(Long)
<==    Columns: id, name, description, create_time
<==        Row: 1, 教材, 课程配套教材, 2026-05-07 11:14:55
<==      Total: 1
Closing non transactional SqlSession [org.apache.ibatis.session.defaults.DefaultSqlSession@4a9f74f5]
Creating a new SqlSession
SqlSession [org.apache.ibatis.session.defaults.DefaultSqlSession@38d74861] was not registered for synchronization because synchronization is not active
JDBC Connection [HikariProxyConnection@165587794 wrapping com.mysql.cj.jdbc.ConnectionImpl@1542af63] will not be managed by Spring
==>  Preparing: SELECT id,username,password,phone,college,major,grade,points,credit_score,role,status,create_time,update_time FROM user WHERE id=?
==> Parameters: 2(Long)
<==    Columns: id, username, password, phone, college, major, grade, points, credit_score, role, status, create_time, update_time
<==        Row: 2, zhangsan, $2a$10$zNC2N6uxZ6wM5FX9oRpQ8e6tRKankHJdTvVpiR0.RJu2qFMYBSjia, 13800000001, 计算机学院, 计算机科学与技术, 2022级, 174, 98, USER, 1, 2026-05-07 11:14:55, 2026-05-07 11:14:55
<==      Total: 1
Closing non transactional SqlSession [org.apache.ibatis.session.defaults.DefaultSqlSession@38d74861]
Creating a new SqlSession
SqlSession [org.apache.ibatis.session.defaults.DefaultSqlSession@1011c328] was not registered for synchronization because synchronization is not active
JDBC Connection [HikariProxyConnection@302454027 wrapping com.mysql.cj.jdbc.ConnectionImpl@1542af63] will not be managed by Spring
==>  Preparing: SELECT id,name,description,create_time FROM book_category WHERE id=?
==> Parameters: 1(Long)
<==    Columns: id, name, description, create_time
<==        Row: 1, 教材, 课程配套教材, 2026-05-07 11:14:55
<==      Total: 1
Closing non transactional SqlSession [org.apache.ibatis.session.defaults.DefaultSqlSession@1011c328]
Creating a new SqlSession
SqlSession [org.apache.ibatis.session.defaults.DefaultSqlSession@4bac9c02] was not registered for synchronization because synchronization is not active
JDBC Connection [HikariProxyConnection@1429868252 wrapping com.mysql.cj.jdbc.ConnectionImpl@1542af63] will not be managed by Spring
==>  Preparing: SELECT id,username,password,phone,college,major,grade,points,credit_score,role,status,create_time,update_time FROM user WHERE id=?
==> Parameters: 3(Long)
<==    Columns: id, username, password, phone, college, major, grade, points, credit_score, role, status, create_time, update_time
<==        Row: 3, lisi, $2a$10$zNC2N6uxZ6wM5FX9oRpQ8e6tRKankHJdTvVpiR0.RJu2qFMYBSjia, 13800000002, 软件学院, 软件工程, 2023级, 132, 97, USER, 1, 2026-05-07 11:14:55, 2026-05-07 11:14:55
<==      Total: 1
Closing non transactional SqlSession [org.apache.ibatis.session.defaults.DefaultSqlSession@4bac9c02]
Creating a new SqlSession
SqlSession [org.apache.ibatis.session.defaults.DefaultSqlSession@6c12ef50] was not registered for synchronization because synchronization is not active
JDBC Connection [HikariProxyConnection@1139876444 wrapping com.mysql.cj.jdbc.ConnectionImpl@1542af63] will not be managed by Spring
==>  Preparing: SELECT id,name,description,create_time FROM book_category WHERE id=?
==> Parameters: 1(Long)
<==    Columns: id, name, description, create_time
<==        Row: 1, 教材, 课程配套教材, 2026-05-07 11:14:55
<==      Total: 1
Closing non transactional SqlSession [org.apache.ibatis.session.defaults.DefaultSqlSession@6c12ef50]
Creating a new SqlSession
SqlSession [org.apache.ibatis.session.defaults.DefaultSqlSession@463690e4] was not registered for synchronization because synchronization is not active
JDBC Connection [HikariProxyConnection@1034264349 wrapping com.mysql.cj.jdbc.ConnectionImpl@1542af63] will not be managed by Spring
==>  Preparing: SELECT id,username,password,phone,college,major,grade,points,credit_score,role,status,create_time,update_time FROM user WHERE id=?
==> Parameters: 2(Long)
<==    Columns: id, username, password, phone, college, major, grade, points, credit_score, role, status, create_time, update_time
<==        Row: 2, zhangsan, $2a$10$zNC2N6uxZ6wM5FX9oRpQ8e6tRKankHJdTvVpiR0.RJu2qFMYBSjia, 13800000001, 计算机学院, 计算机科学与技术, 2022级, 174, 98, USER, 1, 2026-05-07 11:14:55, 2026-05-07 11:14:55
<==      Total: 1
Closing non transactional SqlSession [org.apache.ibatis.session.defaults.DefaultSqlSession@463690e4]
Creating a new SqlSession
SqlSession [org.apache.ibatis.session.defaults.DefaultSqlSession@757657de] was not registered for synchronization because synchronization is not active
JDBC Connection [HikariProxyConnection@120936484 wrapping com.mysql.cj.jdbc.ConnectionImpl@1542af63] will not be managed by Spring
==>  Preparing: SELECT id,name,description,create_time FROM book_category WHERE id=?
==> Parameters: 1(Long)
<==    Columns: id, name, description, create_time
<==        Row: 1, 教材, 课程配套教材, 2026-05-07 11:14:55
<==      Total: 1
Closing non transactional SqlSession [org.apache.ibatis.session.defaults.DefaultSqlSession@757657de]
Creating a new SqlSession
SqlSession [org.apache.ibatis.session.defaults.DefaultSqlSession@42e3451] was not registered for synchronization because synchronization is not active
JDBC Connection [HikariProxyConnection@1126255533 wrapping com.mysql.cj.jdbc.ConnectionImpl@1542af63] will not be managed by Spring
==>  Preparing: SELECT id,username,password,phone,college,major,grade,points,credit_score,role,status,create_time,update_time FROM user WHERE id=?
==> Parameters: 2(Long)
<==    Columns: id, username, password, phone, college, major, grade, points, credit_score, role, status, create_time, update_time
<==        Row: 2, zhangsan, $2a$10$zNC2N6uxZ6wM5FX9oRpQ8e6tRKankHJdTvVpiR0.RJu2qFMYBSjia, 13800000001, 计算机学院, 计算机科学与技术, 2022级, 174, 98, USER, 1, 2026-05-07 11:14:55, 2026-05-07 11:14:55
<==      Total: 1
Closing non transactional SqlSession [org.apache.ibatis.session.defaults.DefaultSqlSession@42e3451]
Creating a new SqlSession
SqlSession [org.apache.ibatis.session.defaults.DefaultSqlSession@33c90cc0] was not registered for synchronization because synchronization is not active
JDBC Connection [HikariProxyConnection@1185950292 wrapping com.mysql.cj.jdbc.ConnectionImpl@1542af63] will not be managed by Spring
==>  Preparing: SELECT id,name,description,create_time FROM book_category WHERE id=?
==> Parameters: 1(Long)
<==    Columns: id, name, description, create_time
<==        Row: 1, 教材, 课程配套教材, 2026-05-07 11:14:55
<==      Total: 1
Closing non transactional SqlSession [org.apache.ibatis.session.defaults.DefaultSqlSession@33c90cc0]
Creating a new SqlSession
SqlSession [org.apache.ibatis.session.defaults.DefaultSqlSession@27a99f0e] was not registered for synchronization because synchronization is not active
JDBC Connection [HikariProxyConnection@1560094775 wrapping com.mysql.cj.jdbc.ConnectionImpl@1542af63] will not be managed by Spring
==>  Preparing: SELECT id,username,password,phone,college,major,grade,points,credit_score,role,status,create_time,update_time FROM user WHERE id=?
==> Parameters: 2(Long)
<==    Columns: id, username, password, phone, college, major, grade, points, credit_score, role, status, create_time, update_time
<==        Row: 2, zhangsan, $2a$10$zNC2N6uxZ6wM5FX9oRpQ8e6tRKankHJdTvVpiR0.RJu2qFMYBSjia, 13800000001, 计算机学院, 计算机科学与技术, 2022级, 174, 98, USER, 1, 2026-05-07 11:14:55, 2026-05-07 11:14:55
<==      Total: 1
Closing non transactional SqlSession [org.apache.ibatis.session.defaults.DefaultSqlSession@27a99f0e]
Creating a new SqlSession
SqlSession [org.apache.ibatis.session.defaults.DefaultSqlSession@3f91281c] was not registered for synchronization because synchronization is not active
JDBC Connection [HikariProxyConnection@1412137231 wrapping com.mysql.cj.jdbc.ConnectionImpl@1542af63] will not be managed by Spring
==>  Preparing: SELECT id,name,description,create_time FROM book_category WHERE id=?
==> Parameters: 1(Long)
<==    Columns: id, name, description, create_time
<==        Row: 1, 教材, 课程配套教材, 2026-05-07 11:14:55
<==      Total: 1
Closing non transactional SqlSession [org.apache.ibatis.session.defaults.DefaultSqlSession@3f91281c]
Creating a new SqlSession
SqlSession [org.apache.ibatis.session.defaults.DefaultSqlSession@38f8c384] was not registered for synchronization because synchronization is not active
JDBC Connection [HikariProxyConnection@236965199 wrapping com.mysql.cj.jdbc.ConnectionImpl@1542af63] will not be managed by Spring
==>  Preparing: SELECT id,username,password,phone,college,major,grade,points,credit_score,role,status,create_time,update_time FROM user WHERE id=?
==> Parameters: 3(Long)
<==    Columns: id, username, password, phone, college, major, grade, points, credit_score, role, status, create_time, update_time
<==        Row: 3, lisi, $2a$10$zNC2N6uxZ6wM5FX9oRpQ8e6tRKankHJdTvVpiR0.RJu2qFMYBSjia, 13800000002, 软件学院, 软件工程, 2023级, 132, 97, USER, 1, 2026-05-07 11:14:55, 2026-05-07 11:14:55
<==      Total: 1
Closing non transactional SqlSession [org.apache.ibatis.session.defaults.DefaultSqlSession@38f8c384]
Creating a new SqlSession
SqlSession [org.apache.ibatis.session.defaults.DefaultSqlSession@72dbc25e] was not registered for synchronization because synchronization is not active
JDBC Connection [HikariProxyConnection@205638498 wrapping com.mysql.cj.jdbc.ConnectionImpl@1542af63] will not be managed by Spring
==>  Preparing: SELECT id,name,description,create_time FROM book_category WHERE id=?
==> Parameters: 1(Long)
<==    Columns: id, name, description, create_time
<==        Row: 1, 教材, 课程配套教材, 2026-05-07 11:14:55
<==      Total: 1
Closing non transactional SqlSession [org.apache.ibatis.session.defaults.DefaultSqlSession@72dbc25e]
Creating a new SqlSession
SqlSession [org.apache.ibatis.session.defaults.DefaultSqlSession@5a65d434] was not registered for synchronization because synchronization is not active
JDBC Connection [HikariProxyConnection@1979720724 wrapping com.mysql.cj.jdbc.ConnectionImpl@1542af63] will not be managed by Spring
==>  Preparing: SELECT id,username,password,phone,college,major,grade,points,credit_score,role,status,create_time,update_time FROM user WHERE id=?
==> Parameters: 2(Long)
<==    Columns: id, username, password, phone, college, major, grade, points, credit_score, role, status, create_time, update_time
<==        Row: 2, zhangsan, $2a$10$zNC2N6uxZ6wM5FX9oRpQ8e6tRKankHJdTvVpiR0.RJu2qFMYBSjia, 13800000001, 计算机学院, 计算机科学与技术, 2022级, 174, 98, USER, 1, 2026-05-07 11:14:55, 2026-05-07 11:14:55
<==      Total: 1
Closing non transactional SqlSession [org.apache.ibatis.session.defaults.DefaultSqlSession@5a65d434]
Creating a new SqlSession
SqlSession [org.apache.ibatis.session.defaults.DefaultSqlSession@28507b74] was not registered for synchronization because synchronization is not active
JDBC Connection [HikariProxyConnection@1558240830 wrapping com.mysql.cj.jdbc.ConnectionImpl@1542af63] will not be managed by Spring
==>  Preparing: SELECT id,name,description,create_time FROM book_category WHERE id=?
==> Parameters: 1(Long)
<==    Columns: id, name, description, create_time
<==        Row: 1, 教材, 课程配套教材, 2026-05-07 11:14:55
<==      Total: 1
Closing non transactional SqlSession [org.apache.ibatis.session.defaults.DefaultSqlSession@28507b74]
Creating a new SqlSession
SqlSession [org.apache.ibatis.session.defaults.DefaultSqlSession@18c734aa] was not registered for synchronization because synchronization is not active
JDBC Connection [HikariProxyConnection@862414621 wrapping com.mysql.cj.jdbc.ConnectionImpl@1542af63] will not be managed by Spring
==>  Preparing: SELECT id,username,password,phone,college,major,grade,points,credit_score,role,status,create_time,update_time FROM user WHERE id=?
==> Parameters: 2(Long)
<==    Columns: id, username, password, phone, college, major, grade, points, credit_score, role, status, create_time, update_time
<==        Row: 2, zhangsan, $2a$10$zNC2N6uxZ6wM5FX9oRpQ8e6tRKankHJdTvVpiR0.RJu2qFMYBSjia, 13800000001, 计算机学院, 计算机科学与技术, 2022级, 174, 98, USER, 1, 2026-05-07 11:14:55, 2026-05-07 11:14:55
<==      Total: 1
Closing non transactional SqlSession [org.apache.ibatis.session.defaults.DefaultSqlSession@18c734aa]
Creating a new SqlSession
SqlSession [org.apache.ibatis.session.defaults.DefaultSqlSession@79028c97] was not registered for synchronization because synchronization is not active
JDBC Connection [HikariProxyConnection@1480689017 wrapping com.mysql.cj.jdbc.ConnectionImpl@1542af63] will not be managed by Spring
==>  Preparing: SELECT id,name,description,create_time FROM book_category WHERE id=?
==> Parameters: 1(Long)
<==    Columns: id, name, description, create_time
<==        Row: 1, 教材, 课程配套教材, 2026-05-07 11:14:55
<==      Total: 1
Closing non transactional SqlSession [org.apache.ibatis.session.defaults.DefaultSqlSession@79028c97]
Creating a new SqlSession
SqlSession [org.apache.ibatis.session.defaults.DefaultSqlSession@5bc25dd6] was not registered for synchronization because synchronization is not active
JDBC Connection [HikariProxyConnection@919147533 wrapping com.mysql.cj.jdbc.ConnectionImpl@1542af63] will not be managed by Spring
==>  Preparing: SELECT id,username,password,phone,college,major,grade,points,credit_score,role,status,create_time,update_time FROM user WHERE id=?
==> Parameters: 3(Long)
<==    Columns: id, username, password, phone, college, major, grade, points, credit_score, role, status, create_time, update_time
<==        Row: 3, lisi, $2a$10$zNC2N6uxZ6wM5FX9oRpQ8e6tRKankHJdTvVpiR0.RJu2qFMYBSjia, 13800000002, 软件学院, 软件工程, 2023级, 132, 97, USER, 1, 2026-05-07 11:14:55, 2026-05-07 11:14:55
<==      Total: 1
Closing non transactional SqlSession [org.apache.ibatis.session.defaults.DefaultSqlSession@5bc25dd6]
Creating a new SqlSession
SqlSession [org.apache.ibatis.session.defaults.DefaultSqlSession@f49e1b] was not registered for synchronization because synchronization is not active
JDBC Connection [HikariProxyConnection@1225875262 wrapping com.mysql.cj.jdbc.ConnectionImpl@1542af63] will not be managed by Spring
==>  Preparing: SELECT id,name,description,create_time FROM book_category WHERE id=?
==> Parameters: 1(Long)
<==    Columns: id, name, description, create_time
<==        Row: 1, 教材, 课程配套教材, 2026-05-07 11:14:55
<==      Total: 1
Closing non transactional SqlSession [org.apache.ibatis.session.defaults.DefaultSqlSession@f49e1b]
Creating a new SqlSession
SqlSession [org.apache.ibatis.session.defaults.DefaultSqlSession@6c05a858] was not registered for synchronization because synchronization is not active
JDBC Connection [HikariProxyConnection@1218832261 wrapping com.mysql.cj.jdbc.ConnectionImpl@1542af63] will not be managed by Spring
==>  Preparing: SELECT id,username,password,phone,college,major,grade,points,credit_score,role,status,create_time,update_time FROM user WHERE id=?
==> Parameters: 3(Long)
<==    Columns: id, username, password, phone, college, major, grade, points, credit_score, role, status, create_time, update_time
<==        Row: 3, lisi, $2a$10$zNC2N6uxZ6wM5FX9oRpQ8e6tRKankHJdTvVpiR0.RJu2qFMYBSjia, 13800000002, 软件学院, 软件工程, 2023级, 132, 97, USER, 1, 2026-05-07 11:14:55, 2026-05-07 11:14:55
<==      Total: 1
Closing non transactional SqlSession [org.apache.ibatis.session.defaults.DefaultSqlSession@6c05a858]
Creating a new SqlSession
SqlSession [org.apache.ibatis.session.defaults.DefaultSqlSession@e168e37] was not registered for synchronization because synchronization is not active
JDBC Connection [HikariProxyConnection@1326493893 wrapping com.mysql.cj.jdbc.ConnectionImpl@1542af63] will not be managed by Spring
==>  Preparing: SELECT id,name,description,create_time FROM book_category WHERE id=?
==> Parameters: 1(Long)
<==    Columns: id, name, description, create_time
<==        Row: 1, 教材, 课程配套教材, 2026-05-07 11:14:55
<==      Total: 1
Closing non transactional SqlSession [org.apache.ibatis.session.defaults.DefaultSqlSession@e168e37]
Creating a new SqlSession
SqlSession [org.apache.ibatis.session.defaults.DefaultSqlSession@565685d9] was not registered for synchronization because synchronization is not active
JDBC Connection [HikariProxyConnection@1812712978 wrapping com.mysql.cj.jdbc.ConnectionImpl@1542af63] will not be managed by Spring
==>  Preparing: SELECT id,username,password,phone,college,major,grade,points,credit_score,role,status,create_time,update_time FROM user WHERE id=?
==> Parameters: 4(Long)
<==    Columns: id, username, password, phone, college, major, grade, points, credit_score, role, status, create_time, update_time
<==        Row: 4, wangwu, $2a$10$zNC2N6uxZ6wM5FX9oRpQ8e6tRKankHJdTvVpiR0.RJu2qFMYBSjia, 13800000003, 网络空间安全学院, 网络工程, 2021级, 140, 99, USER, 1, 2026-05-07 11:14:55, 2026-05-07 11:14:55
<==      Total: 1
Closing non transactional SqlSession [org.apache.ibatis.session.defaults.DefaultSqlSession@565685d9]
Creating a new SqlSession
SqlSession [org.apache.ibatis.session.defaults.DefaultSqlSession@44c05bf8] was not registered for synchronization because synchronization is not active
JDBC Connection [HikariProxyConnection@1074104479 wrapping com.mysql.cj.jdbc.ConnectionImpl@1542af63] will not be managed by Spring
==>  Preparing: SELECT id,name,description,create_time FROM book_category WHERE id=?
==> Parameters: 1(Long)
<==    Columns: id, name, description, create_time
<==        Row: 1, 教材, 课程配套教材, 2026-05-07 11:14:55
<==      Total: 1
Closing non transactional SqlSession [org.apache.ibatis.session.defaults.DefaultSqlSession@44c05bf8]
Creating a new SqlSession
SqlSession [org.apache.ibatis.session.defaults.DefaultSqlSession@76a752a8] was not registered for synchronization because synchronization is not active
JDBC Connection [HikariProxyConnection@1983400282 wrapping com.mysql.cj.jdbc.ConnectionImpl@1542af63] will not be managed by Spring
==>  Preparing: SELECT id,username,password,phone,college,major,grade,points,credit_score,role,status,create_time,update_time FROM user WHERE id=?
==> Parameters: 2(Long)
<==    Columns: id, username, password, phone, college, major, grade, points, credit_score, role, status, create_time, update_time
<==        Row: 2, zhangsan, $2a$10$zNC2N6uxZ6wM5FX9oRpQ8e6tRKankHJdTvVpiR0.RJu2qFMYBSjia, 13800000001, 计算机学院, 计算机科学与技术, 2022级, 174, 98, USER, 1, 2026-05-07 11:14:55, 2026-05-07 11:14:55
<==      Total: 1
Closing non transactional SqlSession [org.apache.ibatis.session.defaults.DefaultSqlSession@76a752a8]
Creating a new SqlSession
SqlSession [org.apache.ibatis.session.defaults.DefaultSqlSession@1c09eeff] was not registered for synchronization because synchronization is not active
JDBC Connection [HikariProxyConnection@1350028740 wrapping com.mysql.cj.jdbc.ConnectionImpl@1542af63] will not be managed by Spring
==>  Preparing: SELECT id,name,description,create_time FROM book_category WHERE id=?
==> Parameters: 1(Long)
<==    Columns: id, name, description, create_time
<==        Row: 1, 教材, 课程配套教材, 2026-05-07 11:14:55
<==      Total: 1
Closing non transactional SqlSession [org.apache.ibatis.session.defaults.DefaultSqlSession@1c09eeff]
Creating a new SqlSession
SqlSession [org.apache.ibatis.session.defaults.DefaultSqlSession@66b7c6d0] was not registered for synchronization because synchronization is not active
JDBC Connection [HikariProxyConnection@899330799 wrapping com.mysql.cj.jdbc.ConnectionImpl@1542af63] will not be managed by Spring
==>  Preparing: SELECT id,username,password,phone,college,major,grade,points,credit_score,role,status,create_time,update_time FROM user WHERE id=?
==> Parameters: 4(Long)
<==    Columns: id, username, password, phone, college, major, grade, points, credit_score, role, status, create_time, update_time
<==        Row: 4, wangwu, $2a$10$zNC2N6uxZ6wM5FX9oRpQ8e6tRKankHJdTvVpiR0.RJu2qFMYBSjia, 13800000003, 网络空间安全学院, 网络工程, 2021级, 140, 99, USER, 1, 2026-05-07 11:14:55, 2026-05-07 11:14:55
<==      Total: 1
Closing non transactional SqlSession [org.apache.ibatis.session.defaults.DefaultSqlSession@66b7c6d0]
Creating a new SqlSession
SqlSession [org.apache.ibatis.session.defaults.DefaultSqlSession@36d1ee75] was not registered for synchronization because synchronization is not active
JDBC Connection [HikariProxyConnection@1846030137 wrapping com.mysql.cj.jdbc.ConnectionImpl@1542af63] will not be managed by Spring
==>  Preparing: SELECT id,name,description,create_time FROM book_category WHERE id=?
==> Parameters: 4(Long)
<==    Columns: id, name, description, create_time
<==        Row: 4, 考研资料, 考研复习资料, 2026-05-07 11:14:55
<==      Total: 1
Closing non transactional SqlSession [org.apache.ibatis.session.defaults.DefaultSqlSession@36d1ee75]
Creating a new SqlSession
SqlSession [org.apache.ibatis.session.defaults.DefaultSqlSession@3fbaf29c] was not registered for synchronization because synchronization is not active
JDBC Connection [HikariProxyConnection@111219032 wrapping com.mysql.cj.jdbc.ConnectionImpl@1542af63] will not be managed by Spring
==>  Preparing: SELECT id,username,password,phone,college,major,grade,points,credit_score,role,status,create_time,update_time FROM user WHERE id=?
==> Parameters: 3(Long)
<==    Columns: id, username, password, phone, college, major, grade, points, credit_score, role, status, create_time, update_time
<==        Row: 3, lisi, $2a$10$zNC2N6uxZ6wM5FX9oRpQ8e6tRKankHJdTvVpiR0.RJu2qFMYBSjia, 13800000002, 软件学院, 软件工程, 2023级, 132, 97, USER, 1, 2026-05-07 11:14:55, 2026-05-07 11:14:55
<==      Total: 1
Closing non transactional SqlSession [org.apache.ibatis.session.defaults.DefaultSqlSession@3fbaf29c]
Creating a new SqlSession
SqlSession [org.apache.ibatis.session.defaults.DefaultSqlSession@895c4bd] was not registered for synchronization because synchronization is not active
JDBC Connection [HikariProxyConnection@1616111905 wrapping com.mysql.cj.jdbc.ConnectionImpl@1542af63] will not be managed by Spring
==>  Preparing: SELECT id,name,description,create_time FROM book_category WHERE id=?
==> Parameters: 1(Long)
<==    Columns: id, name, description, create_time
<==        Row: 1, 教材, 课程配套教材, 2026-05-07 11:14:55
<==      Total: 1
Closing non transactional SqlSession [org.apache.ibatis.session.defaults.DefaultSqlSession@895c4bd]
Creating a new SqlSession
SqlSession [org.apache.ibatis.session.defaults.DefaultSqlSession@3be64029] was not registered for synchronization because synchronization is not active
JDBC Connection [HikariProxyConnection@493931460 wrapping com.mysql.cj.jdbc.ConnectionImpl@1542af63] will not be managed by Spring
==>  Preparing: SELECT id,username,password,phone,college,major,grade,points,credit_score,role,status,create_time,update_time FROM user WHERE id=?
==> Parameters: 2(Long)
<==    Columns: id, username, password, phone, college, major, grade, points, credit_score, role, status, create_time, update_time
<==        Row: 2, zhangsan, $2a$10$zNC2N6uxZ6wM5FX9oRpQ8e6tRKankHJdTvVpiR0.RJu2qFMYBSjia, 13800000001, 计算机学院, 计算机科学与技术, 2022级, 174, 98, USER, 1, 2026-05-07 11:14:55, 2026-05-07 11:14:55
<==      Total: 1
Closing non transactional SqlSession [org.apache.ibatis.session.defaults.DefaultSqlSession@3be64029]
Creating a new SqlSession
SqlSession [org.apache.ibatis.session.defaults.DefaultSqlSession@3cc02b55] was not registered for synchronization because synchronization is not active
JDBC Connection [HikariProxyConnection@900645868 wrapping com.mysql.cj.jdbc.ConnectionImpl@1542af63] will not be managed by Spring
==>  Preparing: SELECT id,name,description,create_time FROM book_category WHERE id=?
==> Parameters: 1(Long)
<==    Columns: id, name, description, create_time
<==        Row: 1, 教材, 课程配套教材, 2026-05-07 11:14:55
<==      Total: 1
Closing non transactional SqlSession [org.apache.ibatis.session.defaults.DefaultSqlSession@3cc02b55]
Creating a new SqlSession
SqlSession [org.apache.ibatis.session.defaults.DefaultSqlSession@65d8fe7c] was not registered for synchronization because synchronization is not active
JDBC Connection [HikariProxyConnection@1484778257 wrapping com.mysql.cj.jdbc.ConnectionImpl@1542af63] will not be managed by Spring
==>  Preparing: SELECT id,username,password,phone,college,major,grade,points,credit_score,role,status,create_time,update_time FROM user WHERE id=?
==> Parameters: 2(Long)
<==    Columns: id, username, password, phone, college, major, grade, points, credit_score, role, status, create_time, update_time
<==        Row: 2, zhangsan, $2a$10$zNC2N6uxZ6wM5FX9oRpQ8e6tRKankHJdTvVpiR0.RJu2qFMYBSjia, 13800000001, 计算机学院, 计算机科学与技术, 2022级, 174, 98, USER, 1, 2026-05-07 11:14:55, 2026-05-07 11:14:55
<==      Total: 1
Closing non transactional SqlSession [org.apache.ibatis.session.defaults.DefaultSqlSession@65d8fe7c]
Creating a new SqlSession
SqlSession [org.apache.ibatis.session.defaults.DefaultSqlSession@6d6359e6] was not registered for synchronization because synchronization is not active
JDBC Connection [HikariProxyConnection@1340764456 wrapping com.mysql.cj.jdbc.ConnectionImpl@1542af63] will not be managed by Spring
==>  Preparing: SELECT id,name,description,create_time FROM book_category WHERE id=?
==> Parameters: 3(Long)
<==    Columns: id, name, description, create_time
<==        Row: 3, 考试资料, 等级考试与课程考试资料, 2026-05-07 11:14:55
<==      Total: 1
Closing non transactional SqlSession [org.apache.ibatis.session.defaults.DefaultSqlSession@6d6359e6]
Creating a new SqlSession
SqlSession [org.apache.ibatis.session.defaults.DefaultSqlSession@1c01c481] was not registered for synchronization because synchronization is not active
JDBC Connection [HikariProxyConnection@1801061006 wrapping com.mysql.cj.jdbc.ConnectionImpl@1542af63] will not be managed by Spring
==>  Preparing: SELECT id,username,password,phone,college,major,grade,points,credit_score,role,status,create_time,update_time FROM user WHERE id=?
==> Parameters: 3(Long)
<==    Columns: id, username, password, phone, college, major, grade, points, credit_score, role, status, create_time, update_time
<==        Row: 3, lisi, $2a$10$zNC2N6uxZ6wM5FX9oRpQ8e6tRKankHJdTvVpiR0.RJu2qFMYBSjia, 13800000002, 软件学院, 软件工程, 2023级, 132, 97, USER, 1, 2026-05-07 11:14:55, 2026-05-07 11:14:55
<==      Total: 1
Closing non transactional SqlSession [org.apache.ibatis.session.defaults.DefaultSqlSession@1c01c481]
Creating a new SqlSession
SqlSession [org.apache.ibatis.session.defaults.DefaultSqlSession@4e13d8bb] was not registered for synchronization because synchronization is not active
JDBC Connection [HikariProxyConnection@1545877556 wrapping com.mysql.cj.jdbc.ConnectionImpl@1542af63] will not be managed by Spring
==>  Preparing: SELECT id,name,description,create_time FROM book_category WHERE id=?
==> Parameters: 4(Long)
<==    Columns: id, name, description, create_time
<==        Row: 4, 考研资料, 考研复习资料, 2026-05-07 11:14:55
<==      Total: 1
Closing non transactional SqlSession [org.apache.ibatis.session.defaults.DefaultSqlSession@4e13d8bb]
Creating a new SqlSession
SqlSession [org.apache.ibatis.session.defaults.DefaultSqlSession@3ac6e4f7] was not registered for synchronization because synchronization is not active
JDBC Connection [HikariProxyConnection@1790977300 wrapping com.mysql.cj.jdbc.ConnectionImpl@1542af63] will not be managed by Spring
==>  Preparing: SELECT id,username,password,phone,college,major,grade,points,credit_score,role,status,create_time,update_time FROM user WHERE id=?
==> Parameters: 4(Long)
<==    Columns: id, username, password, phone, college, major, grade, points, credit_score, role, status, create_time, update_time
<==        Row: 4, wangwu, $2a$10$zNC2N6uxZ6wM5FX9oRpQ8e6tRKankHJdTvVpiR0.RJu2qFMYBSjia, 13800000003, 网络空间安全学院, 网络工程, 2021级, 140, 99, USER, 1, 2026-05-07 11:14:55, 2026-05-07 11:14:55
<==      Total: 1
Closing non transactional SqlSession [org.apache.ibatis.session.defaults.DefaultSqlSession@3ac6e4f7]
2026-05-07 13:38:50.612 DEBUG 30008 --- [io-8080-exec-10] m.m.a.RequestResponseBodyMethodProcessor : Using 'application/json', given [*/*] and supported [application/json, application/*+json, application/json, application/*+json]
2026-05-07 13:38:50.613 DEBUG 30008 --- [io-8080-exec-10] m.m.a.RequestResponseBodyMethodProcessor : Writing [com.campus.bookshare.common.Result@789c1328]
2026-05-07 13:38:50.636 DEBUG 30008 --- [io-8080-exec-10] o.s.web.servlet.DispatcherServlet        : Completed 200 OK
2026-05-07 13:44:01.566 DEBUG 30008 --- [nio-8080-exec-6] s.w.s.m.m.a.RequestMappingHandlerMapping : Mapped to com.campus.bookshare.controller.AuthController#login(LoginDTO)
2026-05-07 13:44:01.583 DEBUG 30008 --- [nio-8080-exec-6] o.s.web.servlet.DispatcherServlet        : POST "/api/auth/login", parameters={}
2026-05-07 13:44:01.583 DEBUG 30008 --- [nio-8080-exec-6] s.w.s.m.m.a.RequestMappingHandlerMapping : Mapped to com.campus.bookshare.controller.AuthController#login(LoginDTO)
2026-05-07 13:44:01.585 DEBUG 30008 --- [nio-8080-exec-6] m.m.a.RequestResponseBodyMethodProcessor : Read "application/json;charset=UTF-8" to [LoginDTO(username=admin, password=123456)]
Creating a new SqlSession
SqlSession [org.apache.ibatis.session.defaults.DefaultSqlSession@6d4eb410] was not registered for synchronization because synchronization is not active
JDBC Connection [HikariProxyConnection@1735264544 wrapping com.mysql.cj.jdbc.ConnectionImpl@1542af63] will not be managed by Spring
==>  Preparing: SELECT id,username,password,phone,college,major,grade,points,credit_score,role,status,create_time,update_time FROM user WHERE (username = ?)
==> Parameters: admin(String)
<==    Columns: id, username, password, phone, college, major, grade, points, credit_score, role, status, create_time, update_time
<==        Row: 1, admin, $2a$10$zNC2N6uxZ6wM5FX9oRpQ8e6tRKankHJdTvVpiR0.RJu2qFMYBSjia, 13800000000, 信息工程学院, 信息管理与信息系统, 教师, 200, 100, ADMIN, 1, 2026-05-07 11:14:55, 2026-05-07 11:14:55
<==      Total: 1
Closing non transactional SqlSession [org.apache.ibatis.session.defaults.DefaultSqlSession@6d4eb410]
2026-05-07 13:44:01.685 DEBUG 30008 --- [nio-8080-exec-6] m.m.a.RequestResponseBodyMethodProcessor : Using 'application/json', given [application/json, text/plain, */*] and supported [application/json, application/*+json, application/json, application/*+json]
2026-05-07 13:44:01.698 DEBUG 30008 --- [nio-8080-exec-6] m.m.a.RequestResponseBodyMethodProcessor : Writing [com.campus.bookshare.common.Result@32c8bdbb]
2026-05-07 13:44:01.700 DEBUG 30008 --- [nio-8080-exec-6] o.s.web.servlet.DispatcherServlet        : Completed 200 OK
2026-05-07 13:44:01.709 DEBUG 30008 --- [nio-8080-exec-7] s.w.s.m.m.a.RequestMappingHandlerMapping : Mapped to com.campus.bookshare.controller.AuthController#me()
2026-05-07 13:44:01.709 DEBUG 30008 --- [nio-8080-exec-7] o.s.web.servlet.DispatcherServlet        : GET "/api/auth/me", parameters={}
2026-05-07 13:44:01.710 DEBUG 30008 --- [nio-8080-exec-7] s.w.s.m.m.a.RequestMappingHandlerMapping : Mapped to com.campus.bookshare.controller.AuthController#me()
Creating a new SqlSession
SqlSession [org.apache.ibatis.session.defaults.DefaultSqlSession@4d85a0c3] was not registered for synchronization because synchronization is not active
JDBC Connection [HikariProxyConnection@1738148611 wrapping com.mysql.cj.jdbc.ConnectionImpl@2b26cc51] will not be managed by Spring
==>  Preparing: SELECT id,username,password,phone,college,major,grade,points,credit_score,role,status,create_time,update_time FROM user WHERE id=?
==> Parameters: 1(Long)
<==    Columns: id, username, password, phone, college, major, grade, points, credit_score, role, status, create_time, update_time
<==        Row: 1, admin, $2a$10$zNC2N6uxZ6wM5FX9oRpQ8e6tRKankHJdTvVpiR0.RJu2qFMYBSjia, 13800000000, 信息工程学院, 信息管理与信息系统, 教师, 200, 100, ADMIN, 1, 2026-05-07 11:14:55, 2026-05-07 11:14:55
<==      Total: 1
Closing non transactional SqlSession [org.apache.ibatis.session.defaults.DefaultSqlSession@4d85a0c3]
2026-05-07 13:44:01.716 DEBUG 30008 --- [nio-8080-exec-7] m.m.a.RequestResponseBodyMethodProcessor : Using 'application/json', given [application/json, text/plain, */*] and supported [application/json, application/*+json, application/json, application/*+json]
2026-05-07 13:44:01.717 DEBUG 30008 --- [nio-8080-exec-7] m.m.a.RequestResponseBodyMethodProcessor : Writing [com.campus.bookshare.common.Result@176aefcd]
2026-05-07 13:44:01.718 DEBUG 30008 --- [nio-8080-exec-7] o.s.web.servlet.DispatcherServlet        : Completed 200 OK
2026-05-07 13:44:01.887 DEBUG 30008 --- [nio-8080-exec-1] s.w.s.m.m.a.RequestMappingHandlerMapping : Mapped to com.campus.bookshare.controller.AdminBookController#pending()
2026-05-07 13:44:01.888 DEBUG 30008 --- [nio-8080-exec-1] o.s.web.servlet.DispatcherServlet        : GET "/api/admin/books/pending", parameters={}
2026-05-07 13:44:01.888 DEBUG 30008 --- [nio-8080-exec-1] s.w.s.m.m.a.RequestMappingHandlerMapping : Mapped to com.campus.bookshare.controller.AdminBookController#pending()
Creating a new SqlSession
SqlSession [org.apache.ibatis.session.defaults.DefaultSqlSession@17e57bbb] was not registered for synchronization because synchronization is not active
JDBC Connection [HikariProxyConnection@794330233 wrapping com.mysql.cj.jdbc.ConnectionImpl@1542af63] will not be managed by Spring
==>  Preparing: SELECT id,owner_id,original_owner_id,category_id,title,author,publisher,course_name,major,condition_level,cover_url,price,share_type,status,circulation_count,description,create_time,update_time FROM book WHERE (status = ?) ORDER BY create_time DESC
==> Parameters: PENDING(String)
<==    Columns: id, owner_id, original_owner_id, category_id, title, author, publisher, course_name, major, condition_level, cover_url, price, share_type, status, circulation_count, description, create_time, update_time
<==        Row: 15, 2, 2, 1, Frontend Donate Test Book 1778126948105, UI Tester, Campus Press, 前端联调课程, 计算机科学与技术, 九成新, https://picsum.photos/400/600, 0.00, DONATE, PENDING, 0, 用于前端联调测试的捐赠书籍, 2026-05-07 12:09:09, 2026-05-07 12:09:09
<==        Row: 14, 2, 2, 1, Frontend Donate Test Book 1778126905075, UI Tester, Campus Press, 前端联调课程, 计算机科学与技术, 九成新, https://picsum.photos/400/600, 0.00, DONATE, PENDING, 0, 用于前端联调测试的捐赠书籍, 2026-05-07 12:08:26, 2026-05-07 12:08:26
<==      Total: 2
Closing non transactional SqlSession [org.apache.ibatis.session.defaults.DefaultSqlSession@17e57bbb]
Creating a new SqlSession
SqlSession [org.apache.ibatis.session.defaults.DefaultSqlSession@660c237d] was not registered for synchronization because synchronization is not active
JDBC Connection [HikariProxyConnection@1510515876 wrapping com.mysql.cj.jdbc.ConnectionImpl@1542af63] will not be managed by Spring
==>  Preparing: SELECT id,name,description,create_time FROM book_category WHERE id=?
==> Parameters: 1(Long)
<==    Columns: id, name, description, create_time
<==        Row: 1, 教材, 课程配套教材, 2026-05-07 11:14:55
<==      Total: 1
Closing non transactional SqlSession [org.apache.ibatis.session.defaults.DefaultSqlSession@660c237d]
Creating a new SqlSession
SqlSession [org.apache.ibatis.session.defaults.DefaultSqlSession@51f8adc0] was not registered for synchronization because synchronization is not active
JDBC Connection [HikariProxyConnection@1449687881 wrapping com.mysql.cj.jdbc.ConnectionImpl@1542af63] will not be managed by Spring
==>  Preparing: SELECT id,username,password,phone,college,major,grade,points,credit_score,role,status,create_time,update_time FROM user WHERE id=?
==> Parameters: 2(Long)
<==    Columns: id, username, password, phone, college, major, grade, points, credit_score, role, status, create_time, update_time
<==        Row: 2, zhangsan, $2a$10$zNC2N6uxZ6wM5FX9oRpQ8e6tRKankHJdTvVpiR0.RJu2qFMYBSjia, 13800000001, 计算机学院, 计算机科学与技术, 2022级, 174, 98, USER, 1, 2026-05-07 11:14:55, 2026-05-07 11:14:55
<==      Total: 1
Closing non transactional SqlSession [org.apache.ibatis.session.defaults.DefaultSqlSession@51f8adc0]
Creating a new SqlSession
SqlSession [org.apache.ibatis.session.defaults.DefaultSqlSession@3cf19747] was not registered for synchronization because synchronization is not active
JDBC Connection [HikariProxyConnection@687057844 wrapping com.mysql.cj.jdbc.ConnectionImpl@1542af63] will not be managed by Spring
==>  Preparing: SELECT id,name,description,create_time FROM book_category WHERE id=?
==> Parameters: 1(Long)
<==    Columns: id, name, description, create_time
<==        Row: 1, 教材, 课程配套教材, 2026-05-07 11:14:55
<==      Total: 1
Closing non transactional SqlSession [org.apache.ibatis.session.defaults.DefaultSqlSession@3cf19747]
Creating a new SqlSession
SqlSession [org.apache.ibatis.session.defaults.DefaultSqlSession@22d44f26] was not registered for synchronization because synchronization is not active
JDBC Connection [HikariProxyConnection@305119124 wrapping com.mysql.cj.jdbc.ConnectionImpl@1542af63] will not be managed by Spring
==>  Preparing: SELECT id,username,password,phone,college,major,grade,points,credit_score,role,status,create_time,update_time FROM user WHERE id=?
==> Parameters: 2(Long)
<==    Columns: id, username, password, phone, college, major, grade, points, credit_score, role, status, create_time, update_time
<==        Row: 2, zhangsan, $2a$10$zNC2N6uxZ6wM5FX9oRpQ8e6tRKankHJdTvVpiR0.RJu2qFMYBSjia, 13800000001, 计算机学院, 计算机科学与技术, 2022级, 174, 98, USER, 1, 2026-05-07 11:14:55, 2026-05-07 11:14:55
<==      Total: 1
Closing non transactional SqlSession [org.apache.ibatis.session.defaults.DefaultSqlSession@22d44f26]
2026-05-07 13:44:01.918 DEBUG 30008 --- [nio-8080-exec-1] m.m.a.RequestResponseBodyMethodProcessor : Using 'application/json', given [application/json, text/plain, */*] and supported [application/json, application/*+json, application/json, application/*+json]
2026-05-07 13:44:01.918 DEBUG 30008 --- [nio-8080-exec-1] m.m.a.RequestResponseBodyMethodProcessor : Writing [com.campus.bookshare.common.Result@3b0289f7]
2026-05-07 13:44:01.920 DEBUG 30008 --- [nio-8080-exec-1] o.s.web.servlet.DispatcherServlet        : Completed 200 OK
2026-05-07 13:44:02.134 DEBUG 30008 --- [nio-8080-exec-3] s.w.s.m.m.a.RequestMappingHandlerMapping : Mapped to com.campus.bookshare.controller.AdminBookController#pending()
2026-05-07 13:44:02.134 DEBUG 30008 --- [nio-8080-exec-3] o.s.web.servlet.DispatcherServlet        : GET "/api/admin/books/pending", parameters={}
2026-05-07 13:44:02.134 DEBUG 30008 --- [nio-8080-exec-3] s.w.s.m.m.a.RequestMappingHandlerMapping : Mapped to com.campus.bookshare.controller.AdminBookController#pending()
Creating a new SqlSession
SqlSession [org.apache.ibatis.session.defaults.DefaultSqlSession@1edf1997] was not registered for synchronization because synchronization is not active
JDBC Connection [HikariProxyConnection@450928276 wrapping com.mysql.cj.jdbc.ConnectionImpl@1542af63] will not be managed by Spring
==>  Preparing: SELECT id,owner_id,original_owner_id,category_id,title,author,publisher,course_name,major,condition_level,cover_url,price,share_type,status,circulation_count,description,create_time,update_time FROM book WHERE (status = ?) ORDER BY create_time DESC
==> Parameters: PENDING(String)
<==    Columns: id, owner_id, original_owner_id, category_id, title, author, publisher, course_name, major, condition_level, cover_url, price, share_type, status, circulation_count, description, create_time, update_time
<==        Row: 15, 2, 2, 1, Frontend Donate Test Book 1778126948105, UI Tester, Campus Press, 前端联调课程, 计算机科学与技术, 九成新, https://picsum.photos/400/600, 0.00, DONATE, PENDING, 0, 用于前端联调测试的捐赠书籍, 2026-05-07 12:09:09, 2026-05-07 12:09:09
<==        Row: 14, 2, 2, 1, Frontend Donate Test Book 1778126905075, UI Tester, Campus Press, 前端联调课程, 计算机科学与技术, 九成新, https://picsum.photos/400/600, 0.00, DONATE, PENDING, 0, 用于前端联调测试的捐赠书籍, 2026-05-07 12:08:26, 2026-05-07 12:08:26
<==      Total: 2
Closing non transactional SqlSession [org.apache.ibatis.session.defaults.DefaultSqlSession@1edf1997]
Creating a new SqlSession
SqlSession [org.apache.ibatis.session.defaults.DefaultSqlSession@8027a61] was not registered for synchronization because synchronization is not active
JDBC Connection [HikariProxyConnection@1861732695 wrapping com.mysql.cj.jdbc.ConnectionImpl@1542af63] will not be managed by Spring
==>  Preparing: SELECT id,name,description,create_time FROM book_category WHERE id=?
==> Parameters: 1(Long)
<==    Columns: id, name, description, create_time
<==        Row: 1, 教材, 课程配套教材, 2026-05-07 11:14:55
<==      Total: 1
Closing non transactional SqlSession [org.apache.ibatis.session.defaults.DefaultSqlSession@8027a61]
Creating a new SqlSession
SqlSession [org.apache.ibatis.session.defaults.DefaultSqlSession@3fcdece3] was not registered for synchronization because synchronization is not active
JDBC Connection [HikariProxyConnection@604461065 wrapping com.mysql.cj.jdbc.ConnectionImpl@1542af63] will not be managed by Spring
==>  Preparing: SELECT id,username,password,phone,college,major,grade,points,credit_score,role,status,create_time,update_time FROM user WHERE id=?
==> Parameters: 2(Long)
<==    Columns: id, username, password, phone, college, major, grade, points, credit_score, role, status, create_time, update_time
<==        Row: 2, zhangsan, $2a$10$zNC2N6uxZ6wM5FX9oRpQ8e6tRKankHJdTvVpiR0.RJu2qFMYBSjia, 13800000001, 计算机学院, 计算机科学与技术, 2022级, 174, 98, USER, 1, 2026-05-07 11:14:55, 2026-05-07 11:14:55
<==      Total: 1
Closing non transactional SqlSession [org.apache.ibatis.session.defaults.DefaultSqlSession@3fcdece3]
Creating a new SqlSession
SqlSession [org.apache.ibatis.session.defaults.DefaultSqlSession@6bf974f7] was not registered for synchronization because synchronization is not active
JDBC Connection [HikariProxyConnection@998455199 wrapping com.mysql.cj.jdbc.ConnectionImpl@1542af63] will not be managed by Spring
==>  Preparing: SELECT id,name,description,create_time FROM book_category WHERE id=?
==> Parameters: 1(Long)
<==    Columns: id, name, description, create_time
<==        Row: 1, 教材, 课程配套教材, 2026-05-07 11:14:55
<==      Total: 1
Closing non transactional SqlSession [org.apache.ibatis.session.defaults.DefaultSqlSession@6bf974f7]
Creating a new SqlSession
SqlSession [org.apache.ibatis.session.defaults.DefaultSqlSession@595e41a] was not registered for synchronization because synchronization is not active
JDBC Connection [HikariProxyConnection@636188307 wrapping com.mysql.cj.jdbc.ConnectionImpl@1542af63] will not be managed by Spring
==>  Preparing: SELECT id,username,password,phone,college,major,grade,points,credit_score,role,status,create_time,update_time FROM user WHERE id=?
==> Parameters: 2(Long)
<==    Columns: id, username, password, phone, college, major, grade, points, credit_score, role, status, create_time, update_time
<==        Row: 2, zhangsan, $2a$10$zNC2N6uxZ6wM5FX9oRpQ8e6tRKankHJdTvVpiR0.RJu2qFMYBSjia, 13800000001, 计算机学院, 计算机科学与技术, 2022级, 174, 98, USER, 1, 2026-05-07 11:14:55, 2026-05-07 11:14:55
<==      Total: 1
Closing non transactional SqlSession [org.apache.ibatis.session.defaults.DefaultSqlSession@595e41a]
2026-05-07 13:44:02.161 DEBUG 30008 --- [nio-8080-exec-3] m.m.a.RequestResponseBodyMethodProcessor : Using 'application/json', given [application/json, text/plain, */*] and supported [application/json, application/*+json, application/json, application/*+json]
2026-05-07 13:44:02.162 DEBUG 30008 --- [nio-8080-exec-3] m.m.a.RequestResponseBodyMethodProcessor : Writing [com.campus.bookshare.common.Result@75613021]
2026-05-07 13:44:02.163 DEBUG 30008 --- [nio-8080-exec-3] o.s.web.servlet.DispatcherServlet        : Completed 200 OK
2026-05-07 13:44:04.230 DEBUG 30008 --- [nio-8080-exec-2] s.w.s.m.m.a.RequestMappingHandlerMapping : Mapped to com.campus.bookshare.controller.AuthController#login(LoginDTO)
2026-05-07 13:44:04.231 DEBUG 30008 --- [nio-8080-exec-2] o.s.web.servlet.DispatcherServlet        : POST "/api/auth/login", parameters={}
2026-05-07 13:44:04.232 DEBUG 30008 --- [nio-8080-exec-2] s.w.s.m.m.a.RequestMappingHandlerMapping : Mapped to com.campus.bookshare.controller.AuthController#login(LoginDTO)
2026-05-07 13:44:04.233 DEBUG 30008 --- [nio-8080-exec-2] m.m.a.RequestResponseBodyMethodProcessor : Read "application/json;charset=UTF-8" to [LoginDTO(username=zhangsan, password=123456)]
Creating a new SqlSession
SqlSession [org.apache.ibatis.session.defaults.DefaultSqlSession@111393b2] was not registered for synchronization because synchronization is not active
JDBC Connection [HikariProxyConnection@508244301 wrapping com.mysql.cj.jdbc.ConnectionImpl@3f906f29] will not be managed by Spring
==>  Preparing: SELECT id,username,password,phone,college,major,grade,points,credit_score,role,status,create_time,update_time FROM user WHERE (username = ?)
==> Parameters: zhangsan(String)
<==    Columns: id, username, password, phone, college, major, grade, points, credit_score, role, status, create_time, update_time
<==        Row: 2, zhangsan, $2a$10$zNC2N6uxZ6wM5FX9oRpQ8e6tRKankHJdTvVpiR0.RJu2qFMYBSjia, 13800000001, 计算机学院, 计算机科学与技术, 2022级, 174, 98, USER, 1, 2026-05-07 11:14:55, 2026-05-07 11:14:55
<==      Total: 1
Closing non transactional SqlSession [org.apache.ibatis.session.defaults.DefaultSqlSession@111393b2]
2026-05-07 13:44:04.333 DEBUG 30008 --- [nio-8080-exec-2] m.m.a.RequestResponseBodyMethodProcessor : Using 'application/json', given [application/json, text/plain, */*] and supported [application/json, application/*+json, application/json, application/*+json]
2026-05-07 13:44:04.334 DEBUG 30008 --- [nio-8080-exec-2] m.m.a.RequestResponseBodyMethodProcessor : Writing [com.campus.bookshare.common.Result@36552ea9]
2026-05-07 13:44:04.335 DEBUG 30008 --- [nio-8080-exec-2] o.s.web.servlet.DispatcherServlet        : Completed 200 OK
2026-05-07 13:44:04.343 DEBUG 30008 --- [nio-8080-exec-4] s.w.s.m.m.a.RequestMappingHandlerMapping : Mapped to com.campus.bookshare.controller.AuthController#me()
2026-05-07 13:44:04.344 DEBUG 30008 --- [nio-8080-exec-4] o.s.web.servlet.DispatcherServlet        : GET "/api/auth/me", parameters={}
2026-05-07 13:44:04.344 DEBUG 30008 --- [nio-8080-exec-4] s.w.s.m.m.a.RequestMappingHandlerMapping : Mapped to com.campus.bookshare.controller.AuthController#me()
Creating a new SqlSession
SqlSession [org.apache.ibatis.session.defaults.DefaultSqlSession@73a543cb] was not registered for synchronization because synchronization is not active
JDBC Connection [HikariProxyConnection@1691524887 wrapping com.mysql.cj.jdbc.ConnectionImpl@1542af63] will not be managed by Spring
==>  Preparing: SELECT id,username,password,phone,college,major,grade,points,credit_score,role,status,create_time,update_time FROM user WHERE id=?
==> Parameters: 2(Long)
<==    Columns: id, username, password, phone, college, major, grade, points, credit_score, role, status, create_time, update_time
<==        Row: 2, zhangsan, $2a$10$zNC2N6uxZ6wM5FX9oRpQ8e6tRKankHJdTvVpiR0.RJu2qFMYBSjia, 13800000001, 计算机学院, 计算机科学与技术, 2022级, 174, 98, USER, 1, 2026-05-07 11:14:55, 2026-05-07 11:14:55
<==      Total: 1
Closing non transactional SqlSession [org.apache.ibatis.session.defaults.DefaultSqlSession@73a543cb]
2026-05-07 13:44:04.352 DEBUG 30008 --- [nio-8080-exec-4] m.m.a.RequestResponseBodyMethodProcessor : Using 'application/json', given [application/json, text/plain, */*] and supported [application/json, application/*+json, application/json, application/*+json]
2026-05-07 13:44:04.352 DEBUG 30008 --- [nio-8080-exec-4] m.m.a.RequestResponseBodyMethodProcessor : Writing [com.campus.bookshare.common.Result@3562976e]
2026-05-07 13:44:04.354 DEBUG 30008 --- [nio-8080-exec-4] o.s.web.servlet.DispatcherServlet        : Completed 200 OK
2026-05-07 13:44:04.497 DEBUG 30008 --- [nio-8080-exec-9] s.w.s.m.m.a.RequestMappingHandlerMapping : Mapped to com.campus.bookshare.controller.CategoryController#list()
2026-05-07 13:44:04.498 DEBUG 30008 --- [nio-8080-exec-8] s.w.s.m.m.a.RequestMappingHandlerMapping : Mapped to com.campus.bookshare.controller.BookController#list(BookQueryDTO)
2026-05-07 13:44:04.498 DEBUG 30008 --- [nio-8080-exec-9] o.s.web.servlet.DispatcherServlet        : GET "/api/categories", parameters={}
2026-05-07 13:44:04.498 DEBUG 30008 --- [nio-8080-exec-9] s.w.s.m.m.a.RequestMappingHandlerMapping : Mapped to com.campus.bookshare.controller.CategoryController#list()
2026-05-07 13:44:04.499 DEBUG 30008 --- [nio-8080-exec-8] o.s.web.servlet.DispatcherServlet        : GET "/api/books?keyword=&major=&courseName=&shareType=&page=1&size=8", parameters={masked}
2026-05-07 13:44:04.499 DEBUG 30008 --- [nio-8080-exec-8] s.w.s.m.m.a.RequestMappingHandlerMapping : Mapped to com.campus.bookshare.controller.BookController#list(BookQueryDTO)
Creating a new SqlSession
SqlSession [org.apache.ibatis.session.defaults.DefaultSqlSession@4f22c491] was not registered for synchronization because synchronization is not active
JDBC Connection [HikariProxyConnection@264987662 wrapping com.mysql.cj.jdbc.ConnectionImpl@2b26cc51] will not be managed by Spring
==>  Preparing: SELECT id,name,description,create_time FROM book_category ORDER BY id ASC
==> Parameters: 
<==    Columns: id, name, description, create_time
<==        Row: 1, 教材, 课程配套教材, 2026-05-07 11:14:55
<==        Row: 2, 教辅资料, 配套练习与教辅, 2026-05-07 11:14:55
<==        Row: 3, 考试资料, 等级考试与课程考试资料, 2026-05-07 11:14:55
<==        Row: 4, 考研资料, 考研复习资料, 2026-05-07 11:14:55
<==        Row: 5, 课外读物, 人文社科与兴趣阅读, 2026-05-07 11:14:55
<==      Total: 5
Closing non transactional SqlSession [org.apache.ibatis.session.defaults.DefaultSqlSession@4f22c491]
Creating a new SqlSession
2026-05-07 13:44:04.528 DEBUG 30008 --- [nio-8080-exec-9] m.m.a.RequestResponseBodyMethodProcessor : Using 'application/json', given [application/json, text/plain, */*] and supported [application/json, application/*+json, application/json, application/*+json]
SqlSession [org.apache.ibatis.session.defaults.DefaultSqlSession@5aabb5e2] was not registered for synchronization because synchronization is not active
2026-05-07 13:44:04.529 DEBUG 30008 --- [nio-8080-exec-9] m.m.a.RequestResponseBodyMethodProcessor : Writing [com.campus.bookshare.common.Result@26d06be3]
2026-05-07 13:44:04.532 DEBUG 30008 --- [nio-8080-exec-9] o.s.web.servlet.DispatcherServlet        : Completed 200 OK
JDBC Connection [HikariProxyConnection@474204690 wrapping com.mysql.cj.jdbc.ConnectionImpl@1542af63] will not be managed by Spring
==>  Preparing: SELECT COUNT(*) AS total FROM book WHERE (status = ?)
==> Parameters: ON_SHELF(String)
<==    Columns: total
<==        Row: 22
<==      Total: 1
==>  Preparing: SELECT id,owner_id,original_owner_id,category_id,title,author,publisher,course_name,major,condition_level,cover_url,price,share_type,status,circulation_count,description,create_time,update_time FROM book WHERE (status = ?) ORDER BY create_time DESC LIMIT ?
==> Parameters: ON_SHELF(String), 8(Long)
<==    Columns: id, owner_id, original_owner_id, category_id, title, author, publisher, course_name, major, condition_level, cover_url, price, share_type, status, circulation_count, description, create_time, update_time
<==        Row: 25, 2, 2, 1, Frontend Borrow Test 1778130087401, Borrow Tester, Campus Press, 借阅联调, 软件工程, 八成新, , 0.00, BORROW, ON_SHELF, 0, 用于借阅流程联调, 2026-05-07 13:01:27, 2026-05-07 13:01:27
<==        Row: 24, 3, 2, 1, Frontend Donate Test Book 1778130066850, UI Tester, Campus Press, 前端联调课程, 计算机科学与技术, 八成新, https://picsum.photos/400/600, 0.00, BORROW, ON_SHELF, 1, 再次共享为借阅模式, 2026-05-07 13:01:08, 2026-05-07 13:01:08
<==        Row: 23, 2, 2, 1, Frontend Borrow Test 1778129903708, Borrow Tester, Campus Press, 借阅联调, 软件工程, 八成新, , 0.00, BORROW, ON_SHELF, 0, 用于借阅流程联调, 2026-05-07 12:58:23, 2026-05-07 12:58:23
<==        Row: 22, 3, 2, 1, Frontend Donate Test Book 1778129882504, UI Tester, Campus Press, 前端联调课程, 计算机科学与技术, 八成新, https://picsum.photos/400/600, 0.00, BORROW, ON_SHELF, 1, 再次共享为借阅模式, 2026-05-07 12:58:04, 2026-05-07 12:58:04
<==        Row: 21, 2, 2, 1, Frontend Borrow Test 1778129521096, Borrow Tester, Campus Press, 借阅联调, 软件工程, 八成新, , 0.00, BORROW, ON_SHELF, 0, 用于借阅流程联调, 2026-05-07 12:52:01, 2026-05-07 12:52:01
<==        Row: 20, 3, 2, 1, Frontend Donate Test Book 1778129500603, UI Tester, Campus Press, 前端联调课程, 计算机科学与技术, 八成新, https://picsum.photos/400/600, 0.00, BORROW, ON_SHELF, 1, 再次共享为借阅模式, 2026-05-07 12:51:42, 2026-05-07 12:51:42
<==        Row: 18, 2, 2, 1, Frontend Donate Test Book 1778127423447, UI Tester, Campus Press, 前端联调课程, 计算机科学与技术, 九成新, https://picsum.photos/400/600, 0.00, DONATE, ON_SHELF, 0, 用于前端联调测试的捐赠书籍, 2026-05-07 12:17:05, 2026-05-07 12:17:05
<==        Row: 17, 2, 2, 1, Frontend Donate Test Book 1778127104365, UI Tester, Campus Press, 前端联调课程, 计算机科学与技术, 九成新, https://picsum.photos/400/600, 0.00, DONATE, ON_SHELF, 0, 用于前端联调测试的捐赠书籍, 2026-05-07 12:11:46, 2026-05-07 12:11:46
<==      Total: 8
Closing non transactional SqlSession [org.apache.ibatis.session.defaults.DefaultSqlSession@5aabb5e2]
Creating a new SqlSession
SqlSession [org.apache.ibatis.session.defaults.DefaultSqlSession@640d739] was not registered for synchronization because synchronization is not active
JDBC Connection [HikariProxyConnection@1040085677 wrapping com.mysql.cj.jdbc.ConnectionImpl@1542af63] will not be managed by Spring
==>  Preparing: SELECT id,name,description,create_time FROM book_category WHERE id=?
==> Parameters: 1(Long)
<==    Columns: id, name, description, create_time
<==        Row: 1, 教材, 课程配套教材, 2026-05-07 11:14:55
<==      Total: 1
Closing non transactional SqlSession [org.apache.ibatis.session.defaults.DefaultSqlSession@640d739]
Creating a new SqlSession
SqlSession [org.apache.ibatis.session.defaults.DefaultSqlSession@748f867e] was not registered for synchronization because synchronization is not active
JDBC Connection [HikariProxyConnection@1953922761 wrapping com.mysql.cj.jdbc.ConnectionImpl@1542af63] will not be managed by Spring
==>  Preparing: SELECT id,username,password,phone,college,major,grade,points,credit_score,role,status,create_time,update_time FROM user WHERE id=?
==> Parameters: 2(Long)
<==    Columns: id, username, password, phone, college, major, grade, points, credit_score, role, status, create_time, update_time
<==        Row: 2, zhangsan, $2a$10$zNC2N6uxZ6wM5FX9oRpQ8e6tRKankHJdTvVpiR0.RJu2qFMYBSjia, 13800000001, 计算机学院, 计算机科学与技术, 2022级, 174, 98, USER, 1, 2026-05-07 11:14:55, 2026-05-07 11:14:55
<==      Total: 1
Closing non transactional SqlSession [org.apache.ibatis.session.defaults.DefaultSqlSession@748f867e]
Creating a new SqlSession
SqlSession [org.apache.ibatis.session.defaults.DefaultSqlSession@40691d29] was not registered for synchronization because synchronization is not active
JDBC Connection [HikariProxyConnection@1214111532 wrapping com.mysql.cj.jdbc.ConnectionImpl@1542af63] will not be managed by Spring
==>  Preparing: SELECT id,name,description,create_time FROM book_category WHERE id=?
==> Parameters: 1(Long)
<==    Columns: id, name, description, create_time
<==        Row: 1, 教材, 课程配套教材, 2026-05-07 11:14:55
<==      Total: 1
Closing non transactional SqlSession [org.apache.ibatis.session.defaults.DefaultSqlSession@40691d29]
Creating a new SqlSession
SqlSession [org.apache.ibatis.session.defaults.DefaultSqlSession@2d64ac4a] was not registered for synchronization because synchronization is not active
JDBC Connection [HikariProxyConnection@636255386 wrapping com.mysql.cj.jdbc.ConnectionImpl@1542af63] will not be managed by Spring
==>  Preparing: SELECT id,username,password,phone,college,major,grade,points,credit_score,role,status,create_time,update_time FROM user WHERE id=?
==> Parameters: 3(Long)
<==    Columns: id, username, password, phone, college, major, grade, points, credit_score, role, status, create_time, update_time
<==        Row: 3, lisi, $2a$10$zNC2N6uxZ6wM5FX9oRpQ8e6tRKankHJdTvVpiR0.RJu2qFMYBSjia, 13800000002, 软件学院, 软件工程, 2023级, 132, 97, USER, 1, 2026-05-07 11:14:55, 2026-05-07 11:14:55
<==      Total: 1
Closing non transactional SqlSession [org.apache.ibatis.session.defaults.DefaultSqlSession@2d64ac4a]
Creating a new SqlSession
SqlSession [org.apache.ibatis.session.defaults.DefaultSqlSession@5f2ecfb1] was not registered for synchronization because synchronization is not active
JDBC Connection [HikariProxyConnection@1461731042 wrapping com.mysql.cj.jdbc.ConnectionImpl@1542af63] will not be managed by Spring
==>  Preparing: SELECT id,name,description,create_time FROM book_category WHERE id=?
==> Parameters: 1(Long)
<==    Columns: id, name, description, create_time
<==        Row: 1, 教材, 课程配套教材, 2026-05-07 11:14:55
<==      Total: 1
Closing non transactional SqlSession [org.apache.ibatis.session.defaults.DefaultSqlSession@5f2ecfb1]
Creating a new SqlSession
SqlSession [org.apache.ibatis.session.defaults.DefaultSqlSession@616d226a] was not registered for synchronization because synchronization is not active
JDBC Connection [HikariProxyConnection@1209481905 wrapping com.mysql.cj.jdbc.ConnectionImpl@1542af63] will not be managed by Spring
==>  Preparing: SELECT id,username,password,phone,college,major,grade,points,credit_score,role,status,create_time,update_time FROM user WHERE id=?
==> Parameters: 2(Long)
<==    Columns: id, username, password, phone, college, major, grade, points, credit_score, role, status, create_time, update_time
<==        Row: 2, zhangsan, $2a$10$zNC2N6uxZ6wM5FX9oRpQ8e6tRKankHJdTvVpiR0.RJu2qFMYBSjia, 13800000001, 计算机学院, 计算机科学与技术, 2022级, 174, 98, USER, 1, 2026-05-07 11:14:55, 2026-05-07 11:14:55
<==      Total: 1
Closing non transactional SqlSession [org.apache.ibatis.session.defaults.DefaultSqlSession@616d226a]
Creating a new SqlSession
SqlSession [org.apache.ibatis.session.defaults.DefaultSqlSession@7b1c368d] was not registered for synchronization because synchronization is not active
JDBC Connection [HikariProxyConnection@1936340470 wrapping com.mysql.cj.jdbc.ConnectionImpl@1542af63] will not be managed by Spring
==>  Preparing: SELECT id,name,description,create_time FROM book_category WHERE id=?
==> Parameters: 1(Long)
<==    Columns: id, name, description, create_time
<==        Row: 1, 教材, 课程配套教材, 2026-05-07 11:14:55
<==      Total: 1
Closing non transactional SqlSession [org.apache.ibatis.session.defaults.DefaultSqlSession@7b1c368d]
Creating a new SqlSession
SqlSession [org.apache.ibatis.session.defaults.DefaultSqlSession@2a34ac9e] was not registered for synchronization because synchronization is not active
JDBC Connection [HikariProxyConnection@805723915 wrapping com.mysql.cj.jdbc.ConnectionImpl@1542af63] will not be managed by Spring
==>  Preparing: SELECT id,username,password,phone,college,major,grade,points,credit_score,role,status,create_time,update_time FROM user WHERE id=?
==> Parameters: 3(Long)
<==    Columns: id, username, password, phone, college, major, grade, points, credit_score, role, status, create_time, update_time
<==        Row: 3, lisi, $2a$10$zNC2N6uxZ6wM5FX9oRpQ8e6tRKankHJdTvVpiR0.RJu2qFMYBSjia, 13800000002, 软件学院, 软件工程, 2023级, 132, 97, USER, 1, 2026-05-07 11:14:55, 2026-05-07 11:14:55
<==      Total: 1
Closing non transactional SqlSession [org.apache.ibatis.session.defaults.DefaultSqlSession@2a34ac9e]
Creating a new SqlSession
SqlSession [org.apache.ibatis.session.defaults.DefaultSqlSession@5aac9537] was not registered for synchronization because synchronization is not active
JDBC Connection [HikariProxyConnection@1433633440 wrapping com.mysql.cj.jdbc.ConnectionImpl@1542af63] will not be managed by Spring
==>  Preparing: SELECT id,name,description,create_time FROM book_category WHERE id=?
==> Parameters: 1(Long)
<==    Columns: id, name, description, create_time
<==        Row: 1, 教材, 课程配套教材, 2026-05-07 11:14:55
<==      Total: 1
Closing non transactional SqlSession [org.apache.ibatis.session.defaults.DefaultSqlSession@5aac9537]
Creating a new SqlSession
SqlSession [org.apache.ibatis.session.defaults.DefaultSqlSession@4d3f0852] was not registered for synchronization because synchronization is not active
JDBC Connection [HikariProxyConnection@1938041327 wrapping com.mysql.cj.jdbc.ConnectionImpl@1542af63] will not be managed by Spring
==>  Preparing: SELECT id,username,password,phone,college,major,grade,points,credit_score,role,status,create_time,update_time FROM user WHERE id=?
==> Parameters: 2(Long)
<==    Columns: id, username, password, phone, college, major, grade, points, credit_score, role, status, create_time, update_time
<==        Row: 2, zhangsan, $2a$10$zNC2N6uxZ6wM5FX9oRpQ8e6tRKankHJdTvVpiR0.RJu2qFMYBSjia, 13800000001, 计算机学院, 计算机科学与技术, 2022级, 174, 98, USER, 1, 2026-05-07 11:14:55, 2026-05-07 11:14:55
<==      Total: 1
Closing non transactional SqlSession [org.apache.ibatis.session.defaults.DefaultSqlSession@4d3f0852]
Creating a new SqlSession
SqlSession [org.apache.ibatis.session.defaults.DefaultSqlSession@1600329b] was not registered for synchronization because synchronization is not active
JDBC Connection [HikariProxyConnection@600360337 wrapping com.mysql.cj.jdbc.ConnectionImpl@1542af63] will not be managed by Spring
==>  Preparing: SELECT id,name,description,create_time FROM book_category WHERE id=?
==> Parameters: 1(Long)
<==    Columns: id, name, description, create_time
<==        Row: 1, 教材, 课程配套教材, 2026-05-07 11:14:55
<==      Total: 1
Closing non transactional SqlSession [org.apache.ibatis.session.defaults.DefaultSqlSession@1600329b]
Creating a new SqlSession
SqlSession [org.apache.ibatis.session.defaults.DefaultSqlSession@1503c8ea] was not registered for synchronization because synchronization is not active
JDBC Connection [HikariProxyConnection@33596475 wrapping com.mysql.cj.jdbc.ConnectionImpl@1542af63] will not be managed by Spring
==>  Preparing: SELECT id,username,password,phone,college,major,grade,points,credit_score,role,status,create_time,update_time FROM user WHERE id=?
==> Parameters: 3(Long)
<==    Columns: id, username, password, phone, college, major, grade, points, credit_score, role, status, create_time, update_time
<==        Row: 3, lisi, $2a$10$zNC2N6uxZ6wM5FX9oRpQ8e6tRKankHJdTvVpiR0.RJu2qFMYBSjia, 13800000002, 软件学院, 软件工程, 2023级, 132, 97, USER, 1, 2026-05-07 11:14:55, 2026-05-07 11:14:55
<==      Total: 1
Closing non transactional SqlSession [org.apache.ibatis.session.defaults.DefaultSqlSession@1503c8ea]
Creating a new SqlSession
SqlSession [org.apache.ibatis.session.defaults.DefaultSqlSession@1cf1e1ea] was not registered for synchronization because synchronization is not active
JDBC Connection [HikariProxyConnection@389955078 wrapping com.mysql.cj.jdbc.ConnectionImpl@1542af63] will not be managed by Spring
==>  Preparing: SELECT id,name,description,create_time FROM book_category WHERE id=?
==> Parameters: 1(Long)
<==    Columns: id, name, description, create_time
<==        Row: 1, 教材, 课程配套教材, 2026-05-07 11:14:55
<==      Total: 1
Closing non transactional SqlSession [org.apache.ibatis.session.defaults.DefaultSqlSession@1cf1e1ea]
Creating a new SqlSession
SqlSession [org.apache.ibatis.session.defaults.DefaultSqlSession@7f9bba37] was not registered for synchronization because synchronization is not active
JDBC Connection [HikariProxyConnection@1828121247 wrapping com.mysql.cj.jdbc.ConnectionImpl@1542af63] will not be managed by Spring
==>  Preparing: SELECT id,username,password,phone,college,major,grade,points,credit_score,role,status,create_time,update_time FROM user WHERE id=?
==> Parameters: 2(Long)
<==    Columns: id, username, password, phone, college, major, grade, points, credit_score, role, status, create_time, update_time
<==        Row: 2, zhangsan, $2a$10$zNC2N6uxZ6wM5FX9oRpQ8e6tRKankHJdTvVpiR0.RJu2qFMYBSjia, 13800000001, 计算机学院, 计算机科学与技术, 2022级, 174, 98, USER, 1, 2026-05-07 11:14:55, 2026-05-07 11:14:55
<==      Total: 1
Closing non transactional SqlSession [org.apache.ibatis.session.defaults.DefaultSqlSession@7f9bba37]
Creating a new SqlSession
SqlSession [org.apache.ibatis.session.defaults.DefaultSqlSession@5998f2a5] was not registered for synchronization because synchronization is not active
JDBC Connection [HikariProxyConnection@2079371683 wrapping com.mysql.cj.jdbc.ConnectionImpl@1542af63] will not be managed by Spring
==>  Preparing: SELECT id,name,description,create_time FROM book_category WHERE id=?
==> Parameters: 1(Long)
<==    Columns: id, name, description, create_time
<==        Row: 1, 教材, 课程配套教材, 2026-05-07 11:14:55
<==      Total: 1
Closing non transactional SqlSession [org.apache.ibatis.session.defaults.DefaultSqlSession@5998f2a5]
Creating a new SqlSession
SqlSession [org.apache.ibatis.session.defaults.DefaultSqlSession@5b141327] was not registered for synchronization because synchronization is not active
JDBC Connection [HikariProxyConnection@1166528314 wrapping com.mysql.cj.jdbc.ConnectionImpl@1542af63] will not be managed by Spring
==>  Preparing: SELECT id,username,password,phone,college,major,grade,points,credit_score,role,status,create_time,update_time FROM user WHERE id=?
==> Parameters: 2(Long)
<==    Columns: id, username, password, phone, college, major, grade, points, credit_score, role, status, create_time, update_time
<==        Row: 2, zhangsan, $2a$10$zNC2N6uxZ6wM5FX9oRpQ8e6tRKankHJdTvVpiR0.RJu2qFMYBSjia, 13800000001, 计算机学院, 计算机科学与技术, 2022级, 174, 98, USER, 1, 2026-05-07 11:14:55, 2026-05-07 11:14:55
<==      Total: 1
Closing non transactional SqlSession [org.apache.ibatis.session.defaults.DefaultSqlSession@5b141327]
2026-05-07 13:44:04.854 DEBUG 30008 --- [nio-8080-exec-8] m.m.a.RequestResponseBodyMethodProcessor : Using 'application/json', given [application/json, text/plain, */*] and supported [application/json, application/*+json, application/json, application/*+json]
2026-05-07 13:44:04.854 DEBUG 30008 --- [nio-8080-exec-8] m.m.a.RequestResponseBodyMethodProcessor : Writing [com.campus.bookshare.common.Result@5317713e]
2026-05-07 13:44:04.858 DEBUG 30008 --- [nio-8080-exec-8] o.s.web.servlet.DispatcherServlet        : Completed 200 OK
2026-05-07 13:44:04.902 DEBUG 30008 --- [nio-8080-exec-5] s.w.s.m.m.a.RequestMappingHandlerMapping : Mapped to com.campus.bookshare.controller.BookController#list(BookQueryDTO)
2026-05-07 13:44:04.902 DEBUG 30008 --- [io-8080-exec-10] s.w.s.m.m.a.RequestMappingHandlerMapping : Mapped to com.campus.bookshare.controller.CategoryController#list()
2026-05-07 13:44:04.903 DEBUG 30008 --- [io-8080-exec-10] o.s.web.servlet.DispatcherServlet        : GET "/api/categories", parameters={}
2026-05-07 13:44:04.903 DEBUG 30008 --- [nio-8080-exec-5] o.s.web.servlet.DispatcherServlet        : GET "/api/books?keyword=&major=&courseName=&shareType=&page=1&size=8", parameters={masked}
2026-05-07 13:44:04.904 DEBUG 30008 --- [io-8080-exec-10] s.w.s.m.m.a.RequestMappingHandlerMapping : Mapped to com.campus.bookshare.controller.CategoryController#list()
2026-05-07 13:44:04.904 DEBUG 30008 --- [nio-8080-exec-5] s.w.s.m.m.a.RequestMappingHandlerMapping : Mapped to com.campus.bookshare.controller.BookController#list(BookQueryDTO)
Creating a new SqlSession
SqlSession [org.apache.ibatis.session.defaults.DefaultSqlSession@407433c9] was not registered for synchronization because synchronization is not active
Creating a new SqlSession
SqlSession [org.apache.ibatis.session.defaults.DefaultSqlSession@7170d226] was not registered for synchronization because synchronization is not active
JDBC Connection [HikariProxyConnection@486686094 wrapping com.mysql.cj.jdbc.ConnectionImpl@1542af63] will not be managed by Spring
==>  Preparing: SELECT id,name,description,create_time FROM book_category ORDER BY id ASC
==> Parameters: 
<==    Columns: id, name, description, create_time
<==        Row: 1, 教材, 课程配套教材, 2026-05-07 11:14:55
<==        Row: 2, 教辅资料, 配套练习与教辅, 2026-05-07 11:14:55
<==        Row: 3, 考试资料, 等级考试与课程考试资料, 2026-05-07 11:14:55
<==        Row: 4, 考研资料, 考研复习资料, 2026-05-07 11:14:55
<==        Row: 5, 课外读物, 人文社科与兴趣阅读, 2026-05-07 11:14:55
<==      Total: 5
Closing non transactional SqlSession [org.apache.ibatis.session.defaults.DefaultSqlSession@407433c9]
2026-05-07 13:44:04.919 DEBUG 30008 --- [io-8080-exec-10] m.m.a.RequestResponseBodyMethodProcessor : Using 'application/json', given [application/json, text/plain, */*] and supported [application/json, application/*+json, application/json, application/*+json]
2026-05-07 13:44:04.919 DEBUG 30008 --- [io-8080-exec-10] m.m.a.RequestResponseBodyMethodProcessor : Writing [com.campus.bookshare.common.Result@303ef13a]
2026-05-07 13:44:04.920 DEBUG 30008 --- [io-8080-exec-10] o.s.web.servlet.DispatcherServlet        : Completed 200 OK
JDBC Connection [HikariProxyConnection@2143480676 wrapping com.mysql.cj.jdbc.ConnectionImpl@3f906f29] will not be managed by Spring
==>  Preparing: SELECT COUNT(*) AS total FROM book WHERE (status = ?)
==> Parameters: ON_SHELF(String)
<==    Columns: total
<==        Row: 22
<==      Total: 1
==>  Preparing: SELECT id,owner_id,original_owner_id,category_id,title,author,publisher,course_name,major,condition_level,cover_url,price,share_type,status,circulation_count,description,create_time,update_time FROM book WHERE (status = ?) ORDER BY create_time DESC LIMIT ?
==> Parameters: ON_SHELF(String), 8(Long)
<==    Columns: id, owner_id, original_owner_id, category_id, title, author, publisher, course_name, major, condition_level, cover_url, price, share_type, status, circulation_count, description, create_time, update_time
<==        Row: 25, 2, 2, 1, Frontend Borrow Test 1778130087401, Borrow Tester, Campus Press, 借阅联调, 软件工程, 八成新, , 0.00, BORROW, ON_SHELF, 0, 用于借阅流程联调, 2026-05-07 13:01:27, 2026-05-07 13:01:27
<==        Row: 24, 3, 2, 1, Frontend Donate Test Book 1778130066850, UI Tester, Campus Press, 前端联调课程, 计算机科学与技术, 八成新, https://picsum.photos/400/600, 0.00, BORROW, ON_SHELF, 1, 再次共享为借阅模式, 2026-05-07 13:01:08, 2026-05-07 13:01:08
<==        Row: 23, 2, 2, 1, Frontend Borrow Test 1778129903708, Borrow Tester, Campus Press, 借阅联调, 软件工程, 八成新, , 0.00, BORROW, ON_SHELF, 0, 用于借阅流程联调, 2026-05-07 12:58:23, 2026-05-07 12:58:23
<==        Row: 22, 3, 2, 1, Frontend Donate Test Book 1778129882504, UI Tester, Campus Press, 前端联调课程, 计算机科学与技术, 八成新, https://picsum.photos/400/600, 0.00, BORROW, ON_SHELF, 1, 再次共享为借阅模式, 2026-05-07 12:58:04, 2026-05-07 12:58:04
<==        Row: 21, 2, 2, 1, Frontend Borrow Test 1778129521096, Borrow Tester, Campus Press, 借阅联调, 软件工程, 八成新, , 0.00, BORROW, ON_SHELF, 0, 用于借阅流程联调, 2026-05-07 12:52:01, 2026-05-07 12:52:01
<==        Row: 20, 3, 2, 1, Frontend Donate Test Book 1778129500603, UI Tester, Campus Press, 前端联调课程, 计算机科学与技术, 八成新, https://picsum.photos/400/600, 0.00, BORROW, ON_SHELF, 1, 再次共享为借阅模式, 2026-05-07 12:51:42, 2026-05-07 12:51:42
<==        Row: 18, 2, 2, 1, Frontend Donate Test Book 1778127423447, UI Tester, Campus Press, 前端联调课程, 计算机科学与技术, 九成新, https://picsum.photos/400/600, 0.00, DONATE, ON_SHELF, 0, 用于前端联调测试的捐赠书籍, 2026-05-07 12:17:05, 2026-05-07 12:17:05
<==        Row: 17, 2, 2, 1, Frontend Donate Test Book 1778127104365, UI Tester, Campus Press, 前端联调课程, 计算机科学与技术, 九成新, https://picsum.photos/400/600, 0.00, DONATE, ON_SHELF, 0, 用于前端联调测试的捐赠书籍, 2026-05-07 12:11:46, 2026-05-07 12:11:46
<==      Total: 8
Closing non transactional SqlSession [org.apache.ibatis.session.defaults.DefaultSqlSession@7170d226]
Creating a new SqlSession
SqlSession [org.apache.ibatis.session.defaults.DefaultSqlSession@3d2e7317] was not registered for synchronization because synchronization is not active
JDBC Connection [HikariProxyConnection@1432299037 wrapping com.mysql.cj.jdbc.ConnectionImpl@3f906f29] will not be managed by Spring
==>  Preparing: SELECT id,name,description,create_time FROM book_category WHERE id=?
==> Parameters: 1(Long)
<==    Columns: id, name, description, create_time
<==        Row: 1, 教材, 课程配套教材, 2026-05-07 11:14:55
<==      Total: 1
Closing non transactional SqlSession [org.apache.ibatis.session.defaults.DefaultSqlSession@3d2e7317]
Creating a new SqlSession
SqlSession [org.apache.ibatis.session.defaults.DefaultSqlSession@2ca27e30] was not registered for synchronization because synchronization is not active
JDBC Connection [HikariProxyConnection@1650071160 wrapping com.mysql.cj.jdbc.ConnectionImpl@3f906f29] will not be managed by Spring
==>  Preparing: SELECT id,username,password,phone,college,major,grade,points,credit_score,role,status,create_time,update_time FROM user WHERE id=?
==> Parameters: 2(Long)
<==    Columns: id, username, password, phone, college, major, grade, points, credit_score, role, status, create_time, update_time
<==        Row: 2, zhangsan, $2a$10$zNC2N6uxZ6wM5FX9oRpQ8e6tRKankHJdTvVpiR0.RJu2qFMYBSjia, 13800000001, 计算机学院, 计算机科学与技术, 2022级, 174, 98, USER, 1, 2026-05-07 11:14:55, 2026-05-07 11:14:55
<==      Total: 1
Closing non transactional SqlSession [org.apache.ibatis.session.defaults.DefaultSqlSession@2ca27e30]
Creating a new SqlSession
SqlSession [org.apache.ibatis.session.defaults.DefaultSqlSession@73a026dd] was not registered for synchronization because synchronization is not active
JDBC Connection [HikariProxyConnection@1280087399 wrapping com.mysql.cj.jdbc.ConnectionImpl@3f906f29] will not be managed by Spring
==>  Preparing: SELECT id,name,description,create_time FROM book_category WHERE id=?
==> Parameters: 1(Long)
<==    Columns: id, name, description, create_time
<==        Row: 1, 教材, 课程配套教材, 2026-05-07 11:14:55
<==      Total: 1
Closing non transactional SqlSession [org.apache.ibatis.session.defaults.DefaultSqlSession@73a026dd]
Creating a new SqlSession
SqlSession [org.apache.ibatis.session.defaults.DefaultSqlSession@7dd241d9] was not registered for synchronization because synchronization is not active
JDBC Connection [HikariProxyConnection@263591536 wrapping com.mysql.cj.jdbc.ConnectionImpl@3f906f29] will not be managed by Spring
==>  Preparing: SELECT id,username,password,phone,college,major,grade,points,credit_score,role,status,create_time,update_time FROM user WHERE id=?
==> Parameters: 3(Long)
<==    Columns: id, username, password, phone, college, major, grade, points, credit_score, role, status, create_time, update_time
<==        Row: 3, lisi, $2a$10$zNC2N6uxZ6wM5FX9oRpQ8e6tRKankHJdTvVpiR0.RJu2qFMYBSjia, 13800000002, 软件学院, 软件工程, 2023级, 132, 97, USER, 1, 2026-05-07 11:14:55, 2026-05-07 11:14:55
<==      Total: 1
Closing non transactional SqlSession [org.apache.ibatis.session.defaults.DefaultSqlSession@7dd241d9]
Creating a new SqlSession
SqlSession [org.apache.ibatis.session.defaults.DefaultSqlSession@64377740] was not registered for synchronization because synchronization is not active
JDBC Connection [HikariProxyConnection@184823446 wrapping com.mysql.cj.jdbc.ConnectionImpl@3f906f29] will not be managed by Spring
==>  Preparing: SELECT id,name,description,create_time FROM book_category WHERE id=?
==> Parameters: 1(Long)
<==    Columns: id, name, description, create_time
<==        Row: 1, 教材, 课程配套教材, 2026-05-07 11:14:55
<==      Total: 1
Closing non transactional SqlSession [org.apache.ibatis.session.defaults.DefaultSqlSession@64377740]
Creating a new SqlSession
SqlSession [org.apache.ibatis.session.defaults.DefaultSqlSession@594084f6] was not registered for synchronization because synchronization is not active
JDBC Connection [HikariProxyConnection@101869033 wrapping com.mysql.cj.jdbc.ConnectionImpl@3f906f29] will not be managed by Spring
==>  Preparing: SELECT id,username,password,phone,college,major,grade,points,credit_score,role,status,create_time,update_time FROM user WHERE id=?
==> Parameters: 2(Long)
<==    Columns: id, username, password, phone, college, major, grade, points, credit_score, role, status, create_time, update_time
<==        Row: 2, zhangsan, $2a$10$zNC2N6uxZ6wM5FX9oRpQ8e6tRKankHJdTvVpiR0.RJu2qFMYBSjia, 13800000001, 计算机学院, 计算机科学与技术, 2022级, 174, 98, USER, 1, 2026-05-07 11:14:55, 2026-05-07 11:14:55
<==      Total: 1
Closing non transactional SqlSession [org.apache.ibatis.session.defaults.DefaultSqlSession@594084f6]
Creating a new SqlSession
SqlSession [org.apache.ibatis.session.defaults.DefaultSqlSession@6dd7ec86] was not registered for synchronization because synchronization is not active
JDBC Connection [HikariProxyConnection@812491518 wrapping com.mysql.cj.jdbc.ConnectionImpl@3f906f29] will not be managed by Spring
==>  Preparing: SELECT id,name,description,create_time FROM book_category WHERE id=?
==> Parameters: 1(Long)
<==    Columns: id, name, description, create_time
<==        Row: 1, 教材, 课程配套教材, 2026-05-07 11:14:55
<==      Total: 1
Closing non transactional SqlSession [org.apache.ibatis.session.defaults.DefaultSqlSession@6dd7ec86]
Creating a new SqlSession
SqlSession [org.apache.ibatis.session.defaults.DefaultSqlSession@4dbca23f] was not registered for synchronization because synchronization is not active
JDBC Connection [HikariProxyConnection@526238930 wrapping com.mysql.cj.jdbc.ConnectionImpl@3f906f29] will not be managed by Spring
==>  Preparing: SELECT id,username,password,phone,college,major,grade,points,credit_score,role,status,create_time,update_time FROM user WHERE id=?
==> Parameters: 3(Long)
<==    Columns: id, username, password, phone, college, major, grade, points, credit_score, role, status, create_time, update_time
<==        Row: 3, lisi, $2a$10$zNC2N6uxZ6wM5FX9oRpQ8e6tRKankHJdTvVpiR0.RJu2qFMYBSjia, 13800000002, 软件学院, 软件工程, 2023级, 132, 97, USER, 1, 2026-05-07 11:14:55, 2026-05-07 11:14:55
<==      Total: 1
Closing non transactional SqlSession [org.apache.ibatis.session.defaults.DefaultSqlSession@4dbca23f]
Creating a new SqlSession
SqlSession [org.apache.ibatis.session.defaults.DefaultSqlSession@4a968fe1] was not registered for synchronization because synchronization is not active
JDBC Connection [HikariProxyConnection@1653826006 wrapping com.mysql.cj.jdbc.ConnectionImpl@3f906f29] will not be managed by Spring
==>  Preparing: SELECT id,name,description,create_time FROM book_category WHERE id=?
==> Parameters: 1(Long)
<==    Columns: id, name, description, create_time
<==        Row: 1, 教材, 课程配套教材, 2026-05-07 11:14:55
<==      Total: 1
Closing non transactional SqlSession [org.apache.ibatis.session.defaults.DefaultSqlSession@4a968fe1]
Creating a new SqlSession
SqlSession [org.apache.ibatis.session.defaults.DefaultSqlSession@68a11b3] was not registered for synchronization because synchronization is not active
JDBC Connection [HikariProxyConnection@2015198980 wrapping com.mysql.cj.jdbc.ConnectionImpl@3f906f29] will not be managed by Spring
==>  Preparing: SELECT id,username,password,phone,college,major,grade,points,credit_score,role,status,create_time,update_time FROM user WHERE id=?
==> Parameters: 2(Long)
<==    Columns: id, username, password, phone, college, major, grade, points, credit_score, role, status, create_time, update_time
<==        Row: 2, zhangsan, $2a$10$zNC2N6uxZ6wM5FX9oRpQ8e6tRKankHJdTvVpiR0.RJu2qFMYBSjia, 13800000001, 计算机学院, 计算机科学与技术, 2022级, 174, 98, USER, 1, 2026-05-07 11:14:55, 2026-05-07 11:14:55
<==      Total: 1
Closing non transactional SqlSession [org.apache.ibatis.session.defaults.DefaultSqlSession@68a11b3]
Creating a new SqlSession
SqlSession [org.apache.ibatis.session.defaults.DefaultSqlSession@5829777f] was not registered for synchronization because synchronization is not active
JDBC Connection [HikariProxyConnection@242803264 wrapping com.mysql.cj.jdbc.ConnectionImpl@3f906f29] will not be managed by Spring
==>  Preparing: SELECT id,name,description,create_time FROM book_category WHERE id=?
==> Parameters: 1(Long)
<==    Columns: id, name, description, create_time
<==        Row: 1, 教材, 课程配套教材, 2026-05-07 11:14:55
<==      Total: 1
Closing non transactional SqlSession [org.apache.ibatis.session.defaults.DefaultSqlSession@5829777f]
Creating a new SqlSession
SqlSession [org.apache.ibatis.session.defaults.DefaultSqlSession@55dfef49] was not registered for synchronization because synchronization is not active
JDBC Connection [HikariProxyConnection@1189017602 wrapping com.mysql.cj.jdbc.ConnectionImpl@3f906f29] will not be managed by Spring
==>  Preparing: SELECT id,username,password,phone,college,major,grade,points,credit_score,role,status,create_time,update_time FROM user WHERE id=?
==> Parameters: 3(Long)
<==    Columns: id, username, password, phone, college, major, grade, points, credit_score, role, status, create_time, update_time
<==        Row: 3, lisi, $2a$10$zNC2N6uxZ6wM5FX9oRpQ8e6tRKankHJdTvVpiR0.RJu2qFMYBSjia, 13800000002, 软件学院, 软件工程, 2023级, 132, 97, USER, 1, 2026-05-07 11:14:55, 2026-05-07 11:14:55
<==      Total: 1
Closing non transactional SqlSession [org.apache.ibatis.session.defaults.DefaultSqlSession@55dfef49]
Creating a new SqlSession
SqlSession [org.apache.ibatis.session.defaults.DefaultSqlSession@60d2d0b9] was not registered for synchronization because synchronization is not active
JDBC Connection [HikariProxyConnection@1256050253 wrapping com.mysql.cj.jdbc.ConnectionImpl@3f906f29] will not be managed by Spring
==>  Preparing: SELECT id,name,description,create_time FROM book_category WHERE id=?
==> Parameters: 1(Long)
<==    Columns: id, name, description, create_time
<==        Row: 1, 教材, 课程配套教材, 2026-05-07 11:14:55
<==      Total: 1
Closing non transactional SqlSession [org.apache.ibatis.session.defaults.DefaultSqlSession@60d2d0b9]
Creating a new SqlSession
SqlSession [org.apache.ibatis.session.defaults.DefaultSqlSession@1f283049] was not registered for synchronization because synchronization is not active
JDBC Connection [HikariProxyConnection@1762229261 wrapping com.mysql.cj.jdbc.ConnectionImpl@3f906f29] will not be managed by Spring
==>  Preparing: SELECT id,username,password,phone,college,major,grade,points,credit_score,role,status,create_time,update_time FROM user WHERE id=?
==> Parameters: 2(Long)
<==    Columns: id, username, password, phone, college, major, grade, points, credit_score, role, status, create_time, update_time
<==        Row: 2, zhangsan, $2a$10$zNC2N6uxZ6wM5FX9oRpQ8e6tRKankHJdTvVpiR0.RJu2qFMYBSjia, 13800000001, 计算机学院, 计算机科学与技术, 2022级, 174, 98, USER, 1, 2026-05-07 11:14:55, 2026-05-07 11:14:55
<==      Total: 1
Closing non transactional SqlSession [org.apache.ibatis.session.defaults.DefaultSqlSession@1f283049]
Creating a new SqlSession
SqlSession [org.apache.ibatis.session.defaults.DefaultSqlSession@2795cd4a] was not registered for synchronization because synchronization is not active
JDBC Connection [HikariProxyConnection@2036407177 wrapping com.mysql.cj.jdbc.ConnectionImpl@3f906f29] will not be managed by Spring
==>  Preparing: SELECT id,name,description,create_time FROM book_category WHERE id=?
==> Parameters: 1(Long)
<==    Columns: id, name, description, create_time
<==        Row: 1, 教材, 课程配套教材, 2026-05-07 11:14:55
<==      Total: 1
Closing non transactional SqlSession [org.apache.ibatis.session.defaults.DefaultSqlSession@2795cd4a]
Creating a new SqlSession
SqlSession [org.apache.ibatis.session.defaults.DefaultSqlSession@5b0664e] was not registered for synchronization because synchronization is not active
JDBC Connection [HikariProxyConnection@214307887 wrapping com.mysql.cj.jdbc.ConnectionImpl@3f906f29] will not be managed by Spring
==>  Preparing: SELECT id,username,password,phone,college,major,grade,points,credit_score,role,status,create_time,update_time FROM user WHERE id=?
==> Parameters: 2(Long)
<==    Columns: id, username, password, phone, college, major, grade, points, credit_score, role, status, create_time, update_time
<==        Row: 2, zhangsan, $2a$10$zNC2N6uxZ6wM5FX9oRpQ8e6tRKankHJdTvVpiR0.RJu2qFMYBSjia, 13800000001, 计算机学院, 计算机科学与技术, 2022级, 174, 98, USER, 1, 2026-05-07 11:14:55, 2026-05-07 11:14:55
<==      Total: 1
Closing non transactional SqlSession [org.apache.ibatis.session.defaults.DefaultSqlSession@5b0664e]
2026-05-07 13:44:05.030 DEBUG 30008 --- [nio-8080-exec-5] m.m.a.RequestResponseBodyMethodProcessor : Using 'application/json', given [application/json, text/plain, */*] and supported [application/json, application/*+json, application/json, application/*+json]
2026-05-07 13:44:05.030 DEBUG 30008 --- [nio-8080-exec-5] m.m.a.RequestResponseBodyMethodProcessor : Writing [com.campus.bookshare.common.Result@71e11a79]
2026-05-07 13:44:05.036 DEBUG 30008 --- [nio-8080-exec-5] o.s.web.servlet.DispatcherServlet        : Completed 200 OK
2026-05-07 13:44:52.277 DEBUG 30008 --- [nio-8080-exec-6] s.w.s.m.m.a.RequestMappingHandlerMapping : Mapped to com.campus.bookshare.controller.AuthController#login(LoginDTO)
2026-05-07 13:44:52.277 DEBUG 30008 --- [nio-8080-exec-6] o.s.web.servlet.DispatcherServlet        : POST "/api/auth/login", parameters={}
2026-05-07 13:44:52.277 DEBUG 30008 --- [nio-8080-exec-6] s.w.s.m.m.a.RequestMappingHandlerMapping : Mapped to com.campus.bookshare.controller.AuthController#login(LoginDTO)
2026-05-07 13:44:52.277 DEBUG 30008 --- [nio-8080-exec-6] m.m.a.RequestResponseBodyMethodProcessor : Read "application/json;charset=UTF-8" to [LoginDTO(username=admin, password=123456)]
Creating a new SqlSession
SqlSession [org.apache.ibatis.session.defaults.DefaultSqlSession@313ea617] was not registered for synchronization because synchronization is not active
JDBC Connection [HikariProxyConnection@1758974391 wrapping com.mysql.cj.jdbc.ConnectionImpl@1542af63] will not be managed by Spring
==>  Preparing: SELECT id,username,password,phone,college,major,grade,points,credit_score,role,status,create_time,update_time FROM user WHERE (username = ?)
==> Parameters: admin(String)
<==    Columns: id, username, password, phone, college, major, grade, points, credit_score, role, status, create_time, update_time
<==        Row: 1, admin, $2a$10$zNC2N6uxZ6wM5FX9oRpQ8e6tRKankHJdTvVpiR0.RJu2qFMYBSjia, 13800000000, 信息工程学院, 信息管理与信息系统, 教师, 200, 100, ADMIN, 1, 2026-05-07 11:14:55, 2026-05-07 11:14:55
<==      Total: 1
Closing non transactional SqlSession [org.apache.ibatis.session.defaults.DefaultSqlSession@313ea617]
2026-05-07 13:44:52.374 DEBUG 30008 --- [nio-8080-exec-6] m.m.a.RequestResponseBodyMethodProcessor : Using 'application/json', given [application/json, text/plain, */*] and supported [application/json, application/*+json, application/json, application/*+json]
2026-05-07 13:44:52.375 DEBUG 30008 --- [nio-8080-exec-6] m.m.a.RequestResponseBodyMethodProcessor : Writing [com.campus.bookshare.common.Result@67e5b3d]
2026-05-07 13:44:52.376 DEBUG 30008 --- [nio-8080-exec-6] o.s.web.servlet.DispatcherServlet        : Completed 200 OK
2026-05-07 13:44:52.383 DEBUG 30008 --- [nio-8080-exec-7] s.w.s.m.m.a.RequestMappingHandlerMapping : Mapped to com.campus.bookshare.controller.AuthController#me()
2026-05-07 13:44:52.384 DEBUG 30008 --- [nio-8080-exec-7] o.s.web.servlet.DispatcherServlet        : GET "/api/auth/me", parameters={}
2026-05-07 13:44:52.384 DEBUG 30008 --- [nio-8080-exec-7] s.w.s.m.m.a.RequestMappingHandlerMapping : Mapped to com.campus.bookshare.controller.AuthController#me()
Creating a new SqlSession
SqlSession [org.apache.ibatis.session.defaults.DefaultSqlSession@50d6a046] was not registered for synchronization because synchronization is not active
JDBC Connection [HikariProxyConnection@268577046 wrapping com.mysql.cj.jdbc.ConnectionImpl@2b26cc51] will not be managed by Spring
==>  Preparing: SELECT id,username,password,phone,college,major,grade,points,credit_score,role,status,create_time,update_time FROM user WHERE id=?
==> Parameters: 1(Long)
<==    Columns: id, username, password, phone, college, major, grade, points, credit_score, role, status, create_time, update_time
<==        Row: 1, admin, $2a$10$zNC2N6uxZ6wM5FX9oRpQ8e6tRKankHJdTvVpiR0.RJu2qFMYBSjia, 13800000000, 信息工程学院, 信息管理与信息系统, 教师, 200, 100, ADMIN, 1, 2026-05-07 11:14:55, 2026-05-07 11:14:55
<==      Total: 1
Closing non transactional SqlSession [org.apache.ibatis.session.defaults.DefaultSqlSession@50d6a046]
2026-05-07 13:44:52.390 DEBUG 30008 --- [nio-8080-exec-7] m.m.a.RequestResponseBodyMethodProcessor : Using 'application/json', given [application/json, text/plain, */*] and supported [application/json, application/*+json, application/json, application/*+json]
2026-05-07 13:44:52.390 DEBUG 30008 --- [nio-8080-exec-7] m.m.a.RequestResponseBodyMethodProcessor : Writing [com.campus.bookshare.common.Result@911f310]
2026-05-07 13:44:52.392 DEBUG 30008 --- [nio-8080-exec-7] o.s.web.servlet.DispatcherServlet        : Completed 200 OK
2026-05-07 13:44:52.527 DEBUG 30008 --- [nio-8080-exec-1] s.w.s.m.m.a.RequestMappingHandlerMapping : Mapped to com.campus.bookshare.controller.AdminBookController#pending()
2026-05-07 13:44:52.528 DEBUG 30008 --- [nio-8080-exec-1] o.s.web.servlet.DispatcherServlet        : GET "/api/admin/books/pending", parameters={}
2026-05-07 13:44:52.528 DEBUG 30008 --- [nio-8080-exec-1] s.w.s.m.m.a.RequestMappingHandlerMapping : Mapped to com.campus.bookshare.controller.AdminBookController#pending()
Creating a new SqlSession
SqlSession [org.apache.ibatis.session.defaults.DefaultSqlSession@3baf4cce] was not registered for synchronization because synchronization is not active
JDBC Connection [HikariProxyConnection@1410570032 wrapping com.mysql.cj.jdbc.ConnectionImpl@1542af63] will not be managed by Spring
==>  Preparing: SELECT id,owner_id,original_owner_id,category_id,title,author,publisher,course_name,major,condition_level,cover_url,price,share_type,status,circulation_count,description,create_time,update_time FROM book WHERE (status = ?) ORDER BY create_time DESC
==> Parameters: PENDING(String)
<==    Columns: id, owner_id, original_owner_id, category_id, title, author, publisher, course_name, major, condition_level, cover_url, price, share_type, status, circulation_count, description, create_time, update_time
<==        Row: 15, 2, 2, 1, Frontend Donate Test Book 1778126948105, UI Tester, Campus Press, 前端联调课程, 计算机科学与技术, 九成新, https://picsum.photos/400/600, 0.00, DONATE, PENDING, 0, 用于前端联调测试的捐赠书籍, 2026-05-07 12:09:09, 2026-05-07 12:09:09
<==        Row: 14, 2, 2, 1, Frontend Donate Test Book 1778126905075, UI Tester, Campus Press, 前端联调课程, 计算机科学与技术, 九成新, https://picsum.photos/400/600, 0.00, DONATE, PENDING, 0, 用于前端联调测试的捐赠书籍, 2026-05-07 12:08:26, 2026-05-07 12:08:26
<==      Total: 2
Closing non transactional SqlSession [org.apache.ibatis.session.defaults.DefaultSqlSession@3baf4cce]
Creating a new SqlSession
SqlSession [org.apache.ibatis.session.defaults.DefaultSqlSession@7c01e40e] was not registered for synchronization because synchronization is not active
JDBC Connection [HikariProxyConnection@1024003708 wrapping com.mysql.cj.jdbc.ConnectionImpl@1542af63] will not be managed by Spring
==>  Preparing: SELECT id,name,description,create_time FROM book_category WHERE id=?
==> Parameters: 1(Long)
<==    Columns: id, name, description, create_time
<==        Row: 1, 教材, 课程配套教材, 2026-05-07 11:14:55
<==      Total: 1
Closing non transactional SqlSession [org.apache.ibatis.session.defaults.DefaultSqlSession@7c01e40e]
Creating a new SqlSession
SqlSession [org.apache.ibatis.session.defaults.DefaultSqlSession@3ad2fec1] was not registered for synchronization because synchronization is not active
JDBC Connection [HikariProxyConnection@1224756225 wrapping com.mysql.cj.jdbc.ConnectionImpl@1542af63] will not be managed by Spring
==>  Preparing: SELECT id,username,password,phone,college,major,grade,points,credit_score,role,status,create_time,update_time FROM user WHERE id=?
==> Parameters: 2(Long)
<==    Columns: id, username, password, phone, college, major, grade, points, credit_score, role, status, create_time, update_time
<==        Row: 2, zhangsan, $2a$10$zNC2N6uxZ6wM5FX9oRpQ8e6tRKankHJdTvVpiR0.RJu2qFMYBSjia, 13800000001, 计算机学院, 计算机科学与技术, 2022级, 174, 98, USER, 1, 2026-05-07 11:14:55, 2026-05-07 11:14:55
<==      Total: 1
Closing non transactional SqlSession [org.apache.ibatis.session.defaults.DefaultSqlSession@3ad2fec1]
Creating a new SqlSession
SqlSession [org.apache.ibatis.session.defaults.DefaultSqlSession@146bfeac] was not registered for synchronization because synchronization is not active
JDBC Connection [HikariProxyConnection@971128342 wrapping com.mysql.cj.jdbc.ConnectionImpl@1542af63] will not be managed by Spring
==>  Preparing: SELECT id,name,description,create_time FROM book_category WHERE id=?
==> Parameters: 1(Long)
<==    Columns: id, name, description, create_time
<==        Row: 1, 教材, 课程配套教材, 2026-05-07 11:14:55
<==      Total: 1
Closing non transactional SqlSession [org.apache.ibatis.session.defaults.DefaultSqlSession@146bfeac]
Creating a new SqlSession
SqlSession [org.apache.ibatis.session.defaults.DefaultSqlSession@308958cc] was not registered for synchronization because synchronization is not active
JDBC Connection [HikariProxyConnection@2078039791 wrapping com.mysql.cj.jdbc.ConnectionImpl@1542af63] will not be managed by Spring
==>  Preparing: SELECT id,username,password,phone,college,major,grade,points,credit_score,role,status,create_time,update_time FROM user WHERE id=?
==> Parameters: 2(Long)
<==    Columns: id, username, password, phone, college, major, grade, points, credit_score, role, status, create_time, update_time
<==        Row: 2, zhangsan, $2a$10$zNC2N6uxZ6wM5FX9oRpQ8e6tRKankHJdTvVpiR0.RJu2qFMYBSjia, 13800000001, 计算机学院, 计算机科学与技术, 2022级, 174, 98, USER, 1, 2026-05-07 11:14:55, 2026-05-07 11:14:55
<==      Total: 1
Closing non transactional SqlSession [org.apache.ibatis.session.defaults.DefaultSqlSession@308958cc]
2026-05-07 13:44:52.552 DEBUG 30008 --- [nio-8080-exec-1] m.m.a.RequestResponseBodyMethodProcessor : Using 'application/json', given [application/json, text/plain, */*] and supported [application/json, application/*+json, application/json, application/*+json]
2026-05-07 13:44:52.553 DEBUG 30008 --- [nio-8080-exec-1] m.m.a.RequestResponseBodyMethodProcessor : Writing [com.campus.bookshare.common.Result@69fe007a]
2026-05-07 13:44:52.554 DEBUG 30008 --- [nio-8080-exec-1] o.s.web.servlet.DispatcherServlet        : Completed 200 OK
2026-05-07 13:44:52.799 DEBUG 30008 --- [nio-8080-exec-3] s.w.s.m.m.a.RequestMappingHandlerMapping : Mapped to com.campus.bookshare.controller.AdminBookController#pending()
2026-05-07 13:44:52.799 DEBUG 30008 --- [nio-8080-exec-3] o.s.web.servlet.DispatcherServlet        : GET "/api/admin/books/pending", parameters={}
2026-05-07 13:44:52.800 DEBUG 30008 --- [nio-8080-exec-3] s.w.s.m.m.a.RequestMappingHandlerMapping : Mapped to com.campus.bookshare.controller.AdminBookController#pending()
Creating a new SqlSession
SqlSession [org.apache.ibatis.session.defaults.DefaultSqlSession@12099616] was not registered for synchronization because synchronization is not active
JDBC Connection [HikariProxyConnection@1855278158 wrapping com.mysql.cj.jdbc.ConnectionImpl@1542af63] will not be managed by Spring
==>  Preparing: SELECT id,owner_id,original_owner_id,category_id,title,author,publisher,course_name,major,condition_level,cover_url,price,share_type,status,circulation_count,description,create_time,update_time FROM book WHERE (status = ?) ORDER BY create_time DESC
==> Parameters: PENDING(String)
<==    Columns: id, owner_id, original_owner_id, category_id, title, author, publisher, course_name, major, condition_level, cover_url, price, share_type, status, circulation_count, description, create_time, update_time
<==        Row: 15, 2, 2, 1, Frontend Donate Test Book 1778126948105, UI Tester, Campus Press, 前端联调课程, 计算机科学与技术, 九成新, https://picsum.photos/400/600, 0.00, DONATE, PENDING, 0, 用于前端联调测试的捐赠书籍, 2026-05-07 12:09:09, 2026-05-07 12:09:09
<==        Row: 14, 2, 2, 1, Frontend Donate Test Book 1778126905075, UI Tester, Campus Press, 前端联调课程, 计算机科学与技术, 九成新, https://picsum.photos/400/600, 0.00, DONATE, PENDING, 0, 用于前端联调测试的捐赠书籍, 2026-05-07 12:08:26, 2026-05-07 12:08:26
<==      Total: 2
Closing non transactional SqlSession [org.apache.ibatis.session.defaults.DefaultSqlSession@12099616]
Creating a new SqlSession
SqlSession [org.apache.ibatis.session.defaults.DefaultSqlSession@747592d] was not registered for synchronization because synchronization is not active
JDBC Connection [HikariProxyConnection@552664312 wrapping com.mysql.cj.jdbc.ConnectionImpl@1542af63] will not be managed by Spring
==>  Preparing: SELECT id,name,description,create_time FROM book_category WHERE id=?
==> Parameters: 1(Long)
<==    Columns: id, name, description, create_time
<==        Row: 1, 教材, 课程配套教材, 2026-05-07 11:14:55
<==      Total: 1
Closing non transactional SqlSession [org.apache.ibatis.session.defaults.DefaultSqlSession@747592d]
Creating a new SqlSession
SqlSession [org.apache.ibatis.session.defaults.DefaultSqlSession@42916352] was not registered for synchronization because synchronization is not active
JDBC Connection [HikariProxyConnection@2141377564 wrapping com.mysql.cj.jdbc.ConnectionImpl@1542af63] will not be managed by Spring
==>  Preparing: SELECT id,username,password,phone,college,major,grade,points,credit_score,role,status,create_time,update_time FROM user WHERE id=?
==> Parameters: 2(Long)
<==    Columns: id, username, password, phone, college, major, grade, points, credit_score, role, status, create_time, update_time
<==        Row: 2, zhangsan, $2a$10$zNC2N6uxZ6wM5FX9oRpQ8e6tRKankHJdTvVpiR0.RJu2qFMYBSjia, 13800000001, 计算机学院, 计算机科学与技术, 2022级, 174, 98, USER, 1, 2026-05-07 11:14:55, 2026-05-07 11:14:55
<==      Total: 1
Closing non transactional SqlSession [org.apache.ibatis.session.defaults.DefaultSqlSession@42916352]
Creating a new SqlSession
SqlSession [org.apache.ibatis.session.defaults.DefaultSqlSession@63fca67d] was not registered for synchronization because synchronization is not active
JDBC Connection [HikariProxyConnection@717148835 wrapping com.mysql.cj.jdbc.ConnectionImpl@1542af63] will not be managed by Spring
==>  Preparing: SELECT id,name,description,create_time FROM book_category WHERE id=?
==> Parameters: 1(Long)
<==    Columns: id, name, description, create_time
<==        Row: 1, 教材, 课程配套教材, 2026-05-07 11:14:55
<==      Total: 1
Closing non transactional SqlSession [org.apache.ibatis.session.defaults.DefaultSqlSession@63fca67d]
Creating a new SqlSession
SqlSession [org.apache.ibatis.session.defaults.DefaultSqlSession@c896a1a] was not registered for synchronization because synchronization is not active
JDBC Connection [HikariProxyConnection@180419256 wrapping com.mysql.cj.jdbc.ConnectionImpl@1542af63] will not be managed by Spring
==>  Preparing: SELECT id,username,password,phone,college,major,grade,points,credit_score,role,status,create_time,update_time FROM user WHERE id=?
==> Parameters: 2(Long)
<==    Columns: id, username, password, phone, college, major, grade, points, credit_score, role, status, create_time, update_time
<==        Row: 2, zhangsan, $2a$10$zNC2N6uxZ6wM5FX9oRpQ8e6tRKankHJdTvVpiR0.RJu2qFMYBSjia, 13800000001, 计算机学院, 计算机科学与技术, 2022级, 174, 98, USER, 1, 2026-05-07 11:14:55, 2026-05-07 11:14:55
<==      Total: 1
Closing non transactional SqlSession [org.apache.ibatis.session.defaults.DefaultSqlSession@c896a1a]
2026-05-07 13:44:52.820 DEBUG 30008 --- [nio-8080-exec-3] m.m.a.RequestResponseBodyMethodProcessor : Using 'application/json', given [application/json, text/plain, */*] and supported [application/json, application/*+json, application/json, application/*+json]
2026-05-07 13:44:52.820 DEBUG 30008 --- [nio-8080-exec-3] m.m.a.RequestResponseBodyMethodProcessor : Writing [com.campus.bookshare.common.Result@3a80da92]
2026-05-07 13:44:52.823 DEBUG 30008 --- [nio-8080-exec-3] o.s.web.servlet.DispatcherServlet        : Completed 200 OK
2026-05-07 13:45:42.261 DEBUG 30008 --- [nio-8080-exec-2] s.w.s.m.m.a.RequestMappingHandlerMapping : Mapped to com.campus.bookshare.controller.AuthController#login(LoginDTO)
2026-05-07 13:45:42.271 DEBUG 30008 --- [nio-8080-exec-2] o.s.web.servlet.DispatcherServlet        : POST "/api/auth/login", parameters={}
2026-05-07 13:45:42.272 DEBUG 30008 --- [nio-8080-exec-2] s.w.s.m.m.a.RequestMappingHandlerMapping : Mapped to com.campus.bookshare.controller.AuthController#login(LoginDTO)
2026-05-07 13:45:42.273 DEBUG 30008 --- [nio-8080-exec-2] m.m.a.RequestResponseBodyMethodProcessor : Read "application/json;charset=UTF-8" to [LoginDTO(username=zhangsan, password=123456)]
Creating a new SqlSession
SqlSession [org.apache.ibatis.session.defaults.DefaultSqlSession@12607e5a] was not registered for synchronization because synchronization is not active
JDBC Connection [HikariProxyConnection@1764800792 wrapping com.mysql.cj.jdbc.ConnectionImpl@3f906f29] will not be managed by Spring
==>  Preparing: SELECT id,username,password,phone,college,major,grade,points,credit_score,role,status,create_time,update_time FROM user WHERE (username = ?)
==> Parameters: zhangsan(String)
<==    Columns: id, username, password, phone, college, major, grade, points, credit_score, role, status, create_time, update_time
<==        Row: 2, zhangsan, $2a$10$zNC2N6uxZ6wM5FX9oRpQ8e6tRKankHJdTvVpiR0.RJu2qFMYBSjia, 13800000001, 计算机学院, 计算机科学与技术, 2022级, 174, 98, USER, 1, 2026-05-07 11:14:55, 2026-05-07 11:14:55
<==      Total: 1
Closing non transactional SqlSession [org.apache.ibatis.session.defaults.DefaultSqlSession@12607e5a]
2026-05-07 13:45:42.359 DEBUG 30008 --- [nio-8080-exec-2] m.m.a.RequestResponseBodyMethodProcessor : Using 'application/json', given [*/*] and supported [application/json, application/*+json, application/json, application/*+json]
2026-05-07 13:45:42.359 DEBUG 30008 --- [nio-8080-exec-2] m.m.a.RequestResponseBodyMethodProcessor : Writing [com.campus.bookshare.common.Result@59269436]
2026-05-07 13:45:42.359 DEBUG 30008 --- [nio-8080-exec-2] o.s.web.servlet.DispatcherServlet        : Completed 200 OK
2026-05-07 13:45:42.367 DEBUG 30008 --- [nio-8080-exec-4] s.w.s.m.m.a.RequestMappingHandlerMapping : Mapped to com.campus.bookshare.controller.BookController#create(BookCreateDTO)
2026-05-07 13:45:42.367 DEBUG 30008 --- [nio-8080-exec-4] o.s.web.servlet.DispatcherServlet        : POST "/api/books", parameters={}
2026-05-07 13:45:42.367 DEBUG 30008 --- [nio-8080-exec-4] s.w.s.m.m.a.RequestMappingHandlerMapping : Mapped to com.campus.bookshare.controller.BookController#create(BookCreateDTO)
2026-05-07 13:45:42.376 DEBUG 30008 --- [nio-8080-exec-4] m.m.a.RequestResponseBodyMethodProcessor : Read "application/json;charset=UTF-8" to [BookCreateDTO(categoryId=1, title=Admin UI Audit Test 1778132742365, author=Admin Tester, publisher= (truncated)...]
Creating a new SqlSession
Registering transaction synchronization for SqlSession [org.apache.ibatis.session.defaults.DefaultSqlSession@2931e76f]
JDBC Connection [HikariProxyConnection@390412581 wrapping com.mysql.cj.jdbc.ConnectionImpl@1542af63] will be managed by Spring
==>  Preparing: SELECT id,name,description,create_time FROM book_category WHERE id=?
==> Parameters: 1(Long)
<==    Columns: id, name, description, create_time
<==        Row: 1, 教材, 课程配套教材, 2026-05-07 11:14:55
<==      Total: 1
Releasing transactional SqlSession [org.apache.ibatis.session.defaults.DefaultSqlSession@2931e76f]
Fetched SqlSession [org.apache.ibatis.session.defaults.DefaultSqlSession@2931e76f] from current transaction
==>  Preparing: INSERT INTO book ( owner_id, original_owner_id, category_id, title, author, publisher, course_name, major, condition_level, cover_url, price, share_type, status, circulation_count, description ) VALUES ( ?, ?, ?, ?, ?, ?, ?, ?, ?, ?, ?, ?, ?, ?, ? )
==> Parameters: 2(Long), 2(Long), 1(Long), Admin UI Audit Test 1778132742365(String), Admin Tester(String), Campus Press(String), ?????(String), ????????(String), ???(String), (String), 0(BigDecimal), DONATE(String), PENDING(String), 0(Integer), ?????????(String)
<==    Updates: 1
Releasing transactional SqlSession [org.apache.ibatis.session.defaults.DefaultSqlSession@2931e76f]
Fetched SqlSession [org.apache.ibatis.session.defaults.DefaultSqlSession@2931e76f] from current transaction
==>  Preparing: SELECT id,name,description,create_time FROM book_category WHERE id=?
==> Parameters: 1(Long)
<==    Columns: id, name, description, create_time
<==        Row: 1, 教材, 课程配套教材, 2026-05-07 11:14:55
<==      Total: 1
Releasing transactional SqlSession [org.apache.ibatis.session.defaults.DefaultSqlSession@2931e76f]
Fetched SqlSession [org.apache.ibatis.session.defaults.DefaultSqlSession@2931e76f] from current transaction
==>  Preparing: SELECT id,username,password,phone,college,major,grade,points,credit_score,role,status,create_time,update_time FROM user WHERE id=?
==> Parameters: 2(Long)
<==    Columns: id, username, password, phone, college, major, grade, points, credit_score, role, status, create_time, update_time
<==        Row: 2, zhangsan, $2a$10$zNC2N6uxZ6wM5FX9oRpQ8e6tRKankHJdTvVpiR0.RJu2qFMYBSjia, 13800000001, 计算机学院, 计算机科学与技术, 2022级, 174, 98, USER, 1, 2026-05-07 11:14:55, 2026-05-07 11:14:55
<==      Total: 1
Releasing transactional SqlSession [org.apache.ibatis.session.defaults.DefaultSqlSession@2931e76f]
Transaction synchronization committing SqlSession [org.apache.ibatis.session.defaults.DefaultSqlSession@2931e76f]
Transaction synchronization deregistering SqlSession [org.apache.ibatis.session.defaults.DefaultSqlSession@2931e76f]
Transaction synchronization closing SqlSession [org.apache.ibatis.session.defaults.DefaultSqlSession@2931e76f]
2026-05-07 13:45:42.437 DEBUG 30008 --- [nio-8080-exec-4] m.m.a.RequestResponseBodyMethodProcessor : Using 'application/json', given [*/*] and supported [application/json, application/*+json, application/json, application/*+json]
2026-05-07 13:45:42.437 DEBUG 30008 --- [nio-8080-exec-4] m.m.a.RequestResponseBodyMethodProcessor : Writing [com.campus.bookshare.common.Result@162d0e4a]
2026-05-07 13:45:42.438 DEBUG 30008 --- [nio-8080-exec-4] o.s.web.servlet.DispatcherServlet        : Completed 200 OK
2026-05-07 13:45:44.136 DEBUG 30008 --- [nio-8080-exec-9] s.w.s.m.m.a.RequestMappingHandlerMapping : Mapped to com.campus.bookshare.controller.AuthController#login(LoginDTO)
2026-05-07 13:45:44.137 DEBUG 30008 --- [nio-8080-exec-9] o.s.web.servlet.DispatcherServlet        : POST "/api/auth/login", parameters={}
2026-05-07 13:45:44.138 DEBUG 30008 --- [nio-8080-exec-9] s.w.s.m.m.a.RequestMappingHandlerMapping : Mapped to com.campus.bookshare.controller.AuthController#login(LoginDTO)
2026-05-07 13:45:44.140 DEBUG 30008 --- [nio-8080-exec-9] m.m.a.RequestResponseBodyMethodProcessor : Read "application/json;charset=UTF-8" to [LoginDTO(username=admin, password=123456)]
Creating a new SqlSession
SqlSession [org.apache.ibatis.session.defaults.DefaultSqlSession@32603908] was not registered for synchronization because synchronization is not active
JDBC Connection [HikariProxyConnection@1015040495 wrapping com.mysql.cj.jdbc.ConnectionImpl@2b26cc51] will not be managed by Spring
==>  Preparing: SELECT id,username,password,phone,college,major,grade,points,credit_score,role,status,create_time,update_time FROM user WHERE (username = ?)
==> Parameters: admin(String)
<==    Columns: id, username, password, phone, college, major, grade, points, credit_score, role, status, create_time, update_time
<==        Row: 1, admin, $2a$10$zNC2N6uxZ6wM5FX9oRpQ8e6tRKankHJdTvVpiR0.RJu2qFMYBSjia, 13800000000, 信息工程学院, 信息管理与信息系统, 教师, 200, 100, ADMIN, 1, 2026-05-07 11:14:55, 2026-05-07 11:14:55
<==      Total: 1
Closing non transactional SqlSession [org.apache.ibatis.session.defaults.DefaultSqlSession@32603908]
2026-05-07 13:45:44.237 DEBUG 30008 --- [nio-8080-exec-9] m.m.a.RequestResponseBodyMethodProcessor : Using 'application/json', given [application/json, text/plain, */*] and supported [application/json, application/*+json, application/json, application/*+json]
2026-05-07 13:45:44.237 DEBUG 30008 --- [nio-8080-exec-9] m.m.a.RequestResponseBodyMethodProcessor : Writing [com.campus.bookshare.common.Result@43e98dce]
2026-05-07 13:45:44.239 DEBUG 30008 --- [nio-8080-exec-9] o.s.web.servlet.DispatcherServlet        : Completed 200 OK
2026-05-07 13:45:44.246 DEBUG 30008 --- [nio-8080-exec-8] s.w.s.m.m.a.RequestMappingHandlerMapping : Mapped to com.campus.bookshare.controller.AuthController#me()
2026-05-07 13:45:44.247 DEBUG 30008 --- [nio-8080-exec-8] o.s.web.servlet.DispatcherServlet        : GET "/api/auth/me", parameters={}
2026-05-07 13:45:44.247 DEBUG 30008 --- [nio-8080-exec-8] s.w.s.m.m.a.RequestMappingHandlerMapping : Mapped to com.campus.bookshare.controller.AuthController#me()
Creating a new SqlSession
SqlSession [org.apache.ibatis.session.defaults.DefaultSqlSession@20912e25] was not registered for synchronization because synchronization is not active
JDBC Connection [HikariProxyConnection@113015850 wrapping com.mysql.cj.jdbc.ConnectionImpl@1542af63] will not be managed by Spring
==>  Preparing: SELECT id,username,password,phone,college,major,grade,points,credit_score,role,status,create_time,update_time FROM user WHERE id=?
==> Parameters: 1(Long)
<==    Columns: id, username, password, phone, college, major, grade, points, credit_score, role, status, create_time, update_time
<==        Row: 1, admin, $2a$10$zNC2N6uxZ6wM5FX9oRpQ8e6tRKankHJdTvVpiR0.RJu2qFMYBSjia, 13800000000, 信息工程学院, 信息管理与信息系统, 教师, 200, 100, ADMIN, 1, 2026-05-07 11:14:55, 2026-05-07 11:14:55
<==      Total: 1
Closing non transactional SqlSession [org.apache.ibatis.session.defaults.DefaultSqlSession@20912e25]
2026-05-07 13:45:44.252 DEBUG 30008 --- [nio-8080-exec-8] m.m.a.RequestResponseBodyMethodProcessor : Using 'application/json', given [application/json, text/plain, */*] and supported [application/json, application/*+json, application/json, application/*+json]
2026-05-07 13:45:44.252 DEBUG 30008 --- [nio-8080-exec-8] m.m.a.RequestResponseBodyMethodProcessor : Writing [com.campus.bookshare.common.Result@5b317e7]
2026-05-07 13:45:44.253 DEBUG 30008 --- [nio-8080-exec-8] o.s.web.servlet.DispatcherServlet        : Completed 200 OK
2026-05-07 13:45:44.377 DEBUG 30008 --- [io-8080-exec-10] s.w.s.m.m.a.RequestMappingHandlerMapping : Mapped to com.campus.bookshare.controller.AdminBookController#pending()
2026-05-07 13:45:44.377 DEBUG 30008 --- [io-8080-exec-10] o.s.web.servlet.DispatcherServlet        : GET "/api/admin/books/pending", parameters={}
2026-05-07 13:45:44.378 DEBUG 30008 --- [io-8080-exec-10] s.w.s.m.m.a.RequestMappingHandlerMapping : Mapped to com.campus.bookshare.controller.AdminBookController#pending()
Creating a new SqlSession
SqlSession [org.apache.ibatis.session.defaults.DefaultSqlSession@4f783c0] was not registered for synchronization because synchronization is not active
JDBC Connection [HikariProxyConnection@135602333 wrapping com.mysql.cj.jdbc.ConnectionImpl@1542af63] will not be managed by Spring
==>  Preparing: SELECT id,owner_id,original_owner_id,category_id,title,author,publisher,course_name,major,condition_level,cover_url,price,share_type,status,circulation_count,description,create_time,update_time FROM book WHERE (status = ?) ORDER BY create_time DESC
==> Parameters: PENDING(String)
<==    Columns: id, owner_id, original_owner_id, category_id, title, author, publisher, course_name, major, condition_level, cover_url, price, share_type, status, circulation_count, description, create_time, update_time
<==        Row: 26, 2, 2, 1, Admin UI Audit Test 1778132742365, Admin Tester, Campus Press, ?????, ????????, ???, , 0.00, DONATE, PENDING, 0, ?????????, 2026-05-07 13:45:42, 2026-05-07 13:45:42
<==        Row: 15, 2, 2, 1, Frontend Donate Test Book 1778126948105, UI Tester, Campus Press, 前端联调课程, 计算机科学与技术, 九成新, https://picsum.photos/400/600, 0.00, DONATE, PENDING, 0, 用于前端联调测试的捐赠书籍, 2026-05-07 12:09:09, 2026-05-07 12:09:09
<==        Row: 14, 2, 2, 1, Frontend Donate Test Book 1778126905075, UI Tester, Campus Press, 前端联调课程, 计算机科学与技术, 九成新, https://picsum.photos/400/600, 0.00, DONATE, PENDING, 0, 用于前端联调测试的捐赠书籍, 2026-05-07 12:08:26, 2026-05-07 12:08:26
<==      Total: 3
Closing non transactional SqlSession [org.apache.ibatis.session.defaults.DefaultSqlSession@4f783c0]
Creating a new SqlSession
SqlSession [org.apache.ibatis.session.defaults.DefaultSqlSession@12265f98] was not registered for synchronization because synchronization is not active
JDBC Connection [HikariProxyConnection@712456095 wrapping com.mysql.cj.jdbc.ConnectionImpl@1542af63] will not be managed by Spring
==>  Preparing: SELECT id,name,description,create_time FROM book_category WHERE id=?
==> Parameters: 1(Long)
<==    Columns: id, name, description, create_time
<==        Row: 1, 教材, 课程配套教材, 2026-05-07 11:14:55
<==      Total: 1
Closing non transactional SqlSession [org.apache.ibatis.session.defaults.DefaultSqlSession@12265f98]
Creating a new SqlSession
SqlSession [org.apache.ibatis.session.defaults.DefaultSqlSession@686bae4e] was not registered for synchronization because synchronization is not active
JDBC Connection [HikariProxyConnection@1217521220 wrapping com.mysql.cj.jdbc.ConnectionImpl@1542af63] will not be managed by Spring
==>  Preparing: SELECT id,username,password,phone,college,major,grade,points,credit_score,role,status,create_time,update_time FROM user WHERE id=?
==> Parameters: 2(Long)
<==    Columns: id, username, password, phone, college, major, grade, points, credit_score, role, status, create_time, update_time
<==        Row: 2, zhangsan, $2a$10$zNC2N6uxZ6wM5FX9oRpQ8e6tRKankHJdTvVpiR0.RJu2qFMYBSjia, 13800000001, 计算机学院, 计算机科学与技术, 2022级, 174, 98, USER, 1, 2026-05-07 11:14:55, 2026-05-07 11:14:55
<==      Total: 1
Closing non transactional SqlSession [org.apache.ibatis.session.defaults.DefaultSqlSession@686bae4e]
Creating a new SqlSession
SqlSession [org.apache.ibatis.session.defaults.DefaultSqlSession@6f662030] was not registered for synchronization because synchronization is not active
JDBC Connection [HikariProxyConnection@1514859084 wrapping com.mysql.cj.jdbc.ConnectionImpl@1542af63] will not be managed by Spring
==>  Preparing: SELECT id,name,description,create_time FROM book_category WHERE id=?
==> Parameters: 1(Long)
<==    Columns: id, name, description, create_time
<==        Row: 1, 教材, 课程配套教材, 2026-05-07 11:14:55
<==      Total: 1
Closing non transactional SqlSession [org.apache.ibatis.session.defaults.DefaultSqlSession@6f662030]
Creating a new SqlSession
SqlSession [org.apache.ibatis.session.defaults.DefaultSqlSession@92b5dff] was not registered for synchronization because synchronization is not active
JDBC Connection [HikariProxyConnection@1460833098 wrapping com.mysql.cj.jdbc.ConnectionImpl@1542af63] will not be managed by Spring
==>  Preparing: SELECT id,username,password,phone,college,major,grade,points,credit_score,role,status,create_time,update_time FROM user WHERE id=?
==> Parameters: 2(Long)
<==    Columns: id, username, password, phone, college, major, grade, points, credit_score, role, status, create_time, update_time
<==        Row: 2, zhangsan, $2a$10$zNC2N6uxZ6wM5FX9oRpQ8e6tRKankHJdTvVpiR0.RJu2qFMYBSjia, 13800000001, 计算机学院, 计算机科学与技术, 2022级, 174, 98, USER, 1, 2026-05-07 11:14:55, 2026-05-07 11:14:55
<==      Total: 1
Closing non transactional SqlSession [org.apache.ibatis.session.defaults.DefaultSqlSession@92b5dff]
Creating a new SqlSession
SqlSession [org.apache.ibatis.session.defaults.DefaultSqlSession@33e4ae15] was not registered for synchronization because synchronization is not active
JDBC Connection [HikariProxyConnection@1626589491 wrapping com.mysql.cj.jdbc.ConnectionImpl@1542af63] will not be managed by Spring
==>  Preparing: SELECT id,name,description,create_time FROM book_category WHERE id=?
==> Parameters: 1(Long)
<==    Columns: id, name, description, create_time
<==        Row: 1, 教材, 课程配套教材, 2026-05-07 11:14:55
<==      Total: 1
Closing non transactional SqlSession [org.apache.ibatis.session.defaults.DefaultSqlSession@33e4ae15]
Creating a new SqlSession
SqlSession [org.apache.ibatis.session.defaults.DefaultSqlSession@41063dde] was not registered for synchronization because synchronization is not active
JDBC Connection [HikariProxyConnection@1468311533 wrapping com.mysql.cj.jdbc.ConnectionImpl@1542af63] will not be managed by Spring
==>  Preparing: SELECT id,username,password,phone,college,major,grade,points,credit_score,role,status,create_time,update_time FROM user WHERE id=?
==> Parameters: 2(Long)
<==    Columns: id, username, password, phone, college, major, grade, points, credit_score, role, status, create_time, update_time
<==        Row: 2, zhangsan, $2a$10$zNC2N6uxZ6wM5FX9oRpQ8e6tRKankHJdTvVpiR0.RJu2qFMYBSjia, 13800000001, 计算机学院, 计算机科学与技术, 2022级, 174, 98, USER, 1, 2026-05-07 11:14:55, 2026-05-07 11:14:55
<==      Total: 1
Closing non transactional SqlSession [org.apache.ibatis.session.defaults.DefaultSqlSession@41063dde]
2026-05-07 13:45:44.402 DEBUG 30008 --- [io-8080-exec-10] m.m.a.RequestResponseBodyMethodProcessor : Using 'application/json', given [application/json, text/plain, */*] and supported [application/json, application/*+json, application/json, application/*+json]
2026-05-07 13:45:44.402 DEBUG 30008 --- [io-8080-exec-10] m.m.a.RequestResponseBodyMethodProcessor : Writing [com.campus.bookshare.common.Result@48ec284d]
2026-05-07 13:45:44.403 DEBUG 30008 --- [io-8080-exec-10] o.s.web.servlet.DispatcherServlet        : Completed 200 OK
2026-05-07 13:45:44.635 DEBUG 30008 --- [nio-8080-exec-5] s.w.s.m.m.a.RequestMappingHandlerMapping : Mapped to com.campus.bookshare.controller.AdminBookController#pending()
2026-05-07 13:45:44.636 DEBUG 30008 --- [nio-8080-exec-5] o.s.web.servlet.DispatcherServlet        : GET "/api/admin/books/pending", parameters={}
2026-05-07 13:45:44.637 DEBUG 30008 --- [nio-8080-exec-5] s.w.s.m.m.a.RequestMappingHandlerMapping : Mapped to com.campus.bookshare.controller.AdminBookController#pending()
Creating a new SqlSession
SqlSession [org.apache.ibatis.session.defaults.DefaultSqlSession@7765801d] was not registered for synchronization because synchronization is not active
JDBC Connection [HikariProxyConnection@1262388658 wrapping com.mysql.cj.jdbc.ConnectionImpl@3f906f29] will not be managed by Spring
==>  Preparing: SELECT id,owner_id,original_owner_id,category_id,title,author,publisher,course_name,major,condition_level,cover_url,price,share_type,status,circulation_count,description,create_time,update_time FROM book WHERE (status = ?) ORDER BY create_time DESC
==> Parameters: PENDING(String)
<==    Columns: id, owner_id, original_owner_id, category_id, title, author, publisher, course_name, major, condition_level, cover_url, price, share_type, status, circulation_count, description, create_time, update_time
<==        Row: 26, 2, 2, 1, Admin UI Audit Test 1778132742365, Admin Tester, Campus Press, ?????, ????????, ???, , 0.00, DONATE, PENDING, 0, ?????????, 2026-05-07 13:45:42, 2026-05-07 13:45:42
<==        Row: 15, 2, 2, 1, Frontend Donate Test Book 1778126948105, UI Tester, Campus Press, 前端联调课程, 计算机科学与技术, 九成新, https://picsum.photos/400/600, 0.00, DONATE, PENDING, 0, 用于前端联调测试的捐赠书籍, 2026-05-07 12:09:09, 2026-05-07 12:09:09
<==        Row: 14, 2, 2, 1, Frontend Donate Test Book 1778126905075, UI Tester, Campus Press, 前端联调课程, 计算机科学与技术, 九成新, https://picsum.photos/400/600, 0.00, DONATE, PENDING, 0, 用于前端联调测试的捐赠书籍, 2026-05-07 12:08:26, 2026-05-07 12:08:26
<==      Total: 3
Closing non transactional SqlSession [org.apache.ibatis.session.defaults.DefaultSqlSession@7765801d]
Creating a new SqlSession
SqlSession [org.apache.ibatis.session.defaults.DefaultSqlSession@188e22b8] was not registered for synchronization because synchronization is not active
JDBC Connection [HikariProxyConnection@1135619292 wrapping com.mysql.cj.jdbc.ConnectionImpl@3f906f29] will not be managed by Spring
==>  Preparing: SELECT id,name,description,create_time FROM book_category WHERE id=?
==> Parameters: 1(Long)
<==    Columns: id, name, description, create_time
<==        Row: 1, 教材, 课程配套教材, 2026-05-07 11:14:55
<==      Total: 1
Closing non transactional SqlSession [org.apache.ibatis.session.defaults.DefaultSqlSession@188e22b8]
Creating a new SqlSession
SqlSession [org.apache.ibatis.session.defaults.DefaultSqlSession@33e71f33] was not registered for synchronization because synchronization is not active
JDBC Connection [HikariProxyConnection@1511354389 wrapping com.mysql.cj.jdbc.ConnectionImpl@3f906f29] will not be managed by Spring
==>  Preparing: SELECT id,username,password,phone,college,major,grade,points,credit_score,role,status,create_time,update_time FROM user WHERE id=?
==> Parameters: 2(Long)
<==    Columns: id, username, password, phone, college, major, grade, points, credit_score, role, status, create_time, update_time
<==        Row: 2, zhangsan, $2a$10$zNC2N6uxZ6wM5FX9oRpQ8e6tRKankHJdTvVpiR0.RJu2qFMYBSjia, 13800000001, 计算机学院, 计算机科学与技术, 2022级, 174, 98, USER, 1, 2026-05-07 11:14:55, 2026-05-07 11:14:55
<==      Total: 1
Closing non transactional SqlSession [org.apache.ibatis.session.defaults.DefaultSqlSession@33e71f33]
Creating a new SqlSession
SqlSession [org.apache.ibatis.session.defaults.DefaultSqlSession@5103400] was not registered for synchronization because synchronization is not active
JDBC Connection [HikariProxyConnection@243641622 wrapping com.mysql.cj.jdbc.ConnectionImpl@3f906f29] will not be managed by Spring
==>  Preparing: SELECT id,name,description,create_time FROM book_category WHERE id=?
==> Parameters: 1(Long)
<==    Columns: id, name, description, create_time
<==        Row: 1, 教材, 课程配套教材, 2026-05-07 11:14:55
<==      Total: 1
Closing non transactional SqlSession [org.apache.ibatis.session.defaults.DefaultSqlSession@5103400]
Creating a new SqlSession
SqlSession [org.apache.ibatis.session.defaults.DefaultSqlSession@6cf92ce9] was not registered for synchronization because synchronization is not active
JDBC Connection [HikariProxyConnection@1758311746 wrapping com.mysql.cj.jdbc.ConnectionImpl@3f906f29] will not be managed by Spring
==>  Preparing: SELECT id,username,password,phone,college,major,grade,points,credit_score,role,status,create_time,update_time FROM user WHERE id=?
==> Parameters: 2(Long)
<==    Columns: id, username, password, phone, college, major, grade, points, credit_score, role, status, create_time, update_time
<==        Row: 2, zhangsan, $2a$10$zNC2N6uxZ6wM5FX9oRpQ8e6tRKankHJdTvVpiR0.RJu2qFMYBSjia, 13800000001, 计算机学院, 计算机科学与技术, 2022级, 174, 98, USER, 1, 2026-05-07 11:14:55, 2026-05-07 11:14:55
<==      Total: 1
Closing non transactional SqlSession [org.apache.ibatis.session.defaults.DefaultSqlSession@6cf92ce9]
Creating a new SqlSession
SqlSession [org.apache.ibatis.session.defaults.DefaultSqlSession@3b9a1182] was not registered for synchronization because synchronization is not active
JDBC Connection [HikariProxyConnection@505539708 wrapping com.mysql.cj.jdbc.ConnectionImpl@3f906f29] will not be managed by Spring
==>  Preparing: SELECT id,name,description,create_time FROM book_category WHERE id=?
==> Parameters: 1(Long)
<==    Columns: id, name, description, create_time
<==        Row: 1, 教材, 课程配套教材, 2026-05-07 11:14:55
<==      Total: 1
Closing non transactional SqlSession [org.apache.ibatis.session.defaults.DefaultSqlSession@3b9a1182]
Creating a new SqlSession
SqlSession [org.apache.ibatis.session.defaults.DefaultSqlSession@4a5327af] was not registered for synchronization because synchronization is not active
JDBC Connection [HikariProxyConnection@565061990 wrapping com.mysql.cj.jdbc.ConnectionImpl@3f906f29] will not be managed by Spring
==>  Preparing: SELECT id,username,password,phone,college,major,grade,points,credit_score,role,status,create_time,update_time FROM user WHERE id=?
==> Parameters: 2(Long)
<==    Columns: id, username, password, phone, college, major, grade, points, credit_score, role, status, create_time, update_time
<==        Row: 2, zhangsan, $2a$10$zNC2N6uxZ6wM5FX9oRpQ8e6tRKankHJdTvVpiR0.RJu2qFMYBSjia, 13800000001, 计算机学院, 计算机科学与技术, 2022级, 174, 98, USER, 1, 2026-05-07 11:14:55, 2026-05-07 11:14:55
<==      Total: 1
Closing non transactional SqlSession [org.apache.ibatis.session.defaults.DefaultSqlSession@4a5327af]
2026-05-07 13:45:44.667 DEBUG 30008 --- [nio-8080-exec-5] m.m.a.RequestResponseBodyMethodProcessor : Using 'application/json', given [application/json, text/plain, */*] and supported [application/json, application/*+json, application/json, application/*+json]
2026-05-07 13:45:44.667 DEBUG 30008 --- [nio-8080-exec-5] m.m.a.RequestResponseBodyMethodProcessor : Writing [com.campus.bookshare.common.Result@32d699b6]
2026-05-07 13:45:44.667 DEBUG 30008 --- [nio-8080-exec-5] o.s.web.servlet.DispatcherServlet        : Completed 200 OK
2026-05-07 13:47:39.874 DEBUG 30008 --- [nio-8080-exec-7] s.w.s.m.m.a.RequestMappingHandlerMapping : Mapped to com.campus.bookshare.controller.AuthController#login(LoginDTO)
2026-05-07 13:47:39.875 DEBUG 30008 --- [nio-8080-exec-7] o.s.web.servlet.DispatcherServlet        : POST "/api/auth/login", parameters={}
2026-05-07 13:47:39.875 DEBUG 30008 --- [nio-8080-exec-7] s.w.s.m.m.a.RequestMappingHandlerMapping : Mapped to com.campus.bookshare.controller.AuthController#login(LoginDTO)
2026-05-07 13:47:39.876 DEBUG 30008 --- [nio-8080-exec-7] m.m.a.RequestResponseBodyMethodProcessor : Read "application/json;charset=UTF-8" to [LoginDTO(username=zhangsan, password=123456)]
Creating a new SqlSession
SqlSession [org.apache.ibatis.session.defaults.DefaultSqlSession@19df5350] was not registered for synchronization because synchronization is not active
JDBC Connection [HikariProxyConnection@2038650197 wrapping com.mysql.cj.jdbc.ConnectionImpl@2b26cc51] will not be managed by Spring
==>  Preparing: SELECT id,username,password,phone,college,major,grade,points,credit_score,role,status,create_time,update_time FROM user WHERE (username = ?)
==> Parameters: zhangsan(String)
<==    Columns: id, username, password, phone, college, major, grade, points, credit_score, role, status, create_time, update_time
<==        Row: 2, zhangsan, $2a$10$zNC2N6uxZ6wM5FX9oRpQ8e6tRKankHJdTvVpiR0.RJu2qFMYBSjia, 13800000001, 计算机学院, 计算机科学与技术, 2022级, 174, 98, USER, 1, 2026-05-07 11:14:55, 2026-05-07 11:14:55
<==      Total: 1
Closing non transactional SqlSession [org.apache.ibatis.session.defaults.DefaultSqlSession@19df5350]
2026-05-07 13:47:39.963 DEBUG 30008 --- [nio-8080-exec-7] m.m.a.RequestResponseBodyMethodProcessor : Using 'application/json', given [*/*] and supported [application/json, application/*+json, application/json, application/*+json]
2026-05-07 13:47:39.964 DEBUG 30008 --- [nio-8080-exec-7] m.m.a.RequestResponseBodyMethodProcessor : Writing [com.campus.bookshare.common.Result@642d54f6]
2026-05-07 13:47:39.964 DEBUG 30008 --- [nio-8080-exec-7] o.s.web.servlet.DispatcherServlet        : Completed 200 OK
2026-05-07 13:47:39.972 DEBUG 30008 --- [nio-8080-exec-1] s.w.s.m.m.a.RequestMappingHandlerMapping : Mapped to com.campus.bookshare.controller.BookController#create(BookCreateDTO)
2026-05-07 13:47:39.973 DEBUG 30008 --- [nio-8080-exec-1] o.s.web.servlet.DispatcherServlet        : POST "/api/books", parameters={}
2026-05-07 13:47:39.973 DEBUG 30008 --- [nio-8080-exec-1] s.w.s.m.m.a.RequestMappingHandlerMapping : Mapped to com.campus.bookshare.controller.BookController#create(BookCreateDTO)
2026-05-07 13:47:39.975 DEBUG 30008 --- [nio-8080-exec-1] m.m.a.RequestResponseBodyMethodProcessor : Read "application/json;charset=UTF-8" to [BookCreateDTO(categoryId=1, title=Admin UI Audit Test 1778132859970, author=Admin Tester, publisher= (truncated)...]
Creating a new SqlSession
Registering transaction synchronization for SqlSession [org.apache.ibatis.session.defaults.DefaultSqlSession@7676f7a7]
JDBC Connection [HikariProxyConnection@2142256786 wrapping com.mysql.cj.jdbc.ConnectionImpl@1542af63] will be managed by Spring
==>  Preparing: SELECT id,name,description,create_time FROM book_category WHERE id=?
==> Parameters: 1(Long)
<==    Columns: id, name, description, create_time
<==        Row: 1, 教材, 课程配套教材, 2026-05-07 11:14:55
<==      Total: 1
Releasing transactional SqlSession [org.apache.ibatis.session.defaults.DefaultSqlSession@7676f7a7]
Fetched SqlSession [org.apache.ibatis.session.defaults.DefaultSqlSession@7676f7a7] from current transaction
==>  Preparing: INSERT INTO book ( owner_id, original_owner_id, category_id, title, author, publisher, course_name, major, condition_level, cover_url, price, share_type, status, circulation_count, description ) VALUES ( ?, ?, ?, ?, ?, ?, ?, ?, ?, ?, ?, ?, ?, ?, ? )
==> Parameters: 2(Long), 2(Long), 1(Long), Admin UI Audit Test 1778132859970(String), Admin Tester(String), Campus Press(String), ?????(String), ????????(String), ???(String), (String), 0(BigDecimal), DONATE(String), PENDING(String), 0(Integer), ?????????(String)
<==    Updates: 1
Releasing transactional SqlSession [org.apache.ibatis.session.defaults.DefaultSqlSession@7676f7a7]
Fetched SqlSession [org.apache.ibatis.session.defaults.DefaultSqlSession@7676f7a7] from current transaction
==>  Preparing: SELECT id,name,description,create_time FROM book_category WHERE id=?
==> Parameters: 1(Long)
<==    Columns: id, name, description, create_time
<==        Row: 1, 教材, 课程配套教材, 2026-05-07 11:14:55
<==      Total: 1
Releasing transactional SqlSession [org.apache.ibatis.session.defaults.DefaultSqlSession@7676f7a7]
Fetched SqlSession [org.apache.ibatis.session.defaults.DefaultSqlSession@7676f7a7] from current transaction
==>  Preparing: SELECT id,username,password,phone,college,major,grade,points,credit_score,role,status,create_time,update_time FROM user WHERE id=?
==> Parameters: 2(Long)
<==    Columns: id, username, password, phone, college, major, grade, points, credit_score, role, status, create_time, update_time
<==        Row: 2, zhangsan, $2a$10$zNC2N6uxZ6wM5FX9oRpQ8e6tRKankHJdTvVpiR0.RJu2qFMYBSjia, 13800000001, 计算机学院, 计算机科学与技术, 2022级, 174, 98, USER, 1, 2026-05-07 11:14:55, 2026-05-07 11:14:55
<==      Total: 1
Releasing transactional SqlSession [org.apache.ibatis.session.defaults.DefaultSqlSession@7676f7a7]
Transaction synchronization committing SqlSession [org.apache.ibatis.session.defaults.DefaultSqlSession@7676f7a7]
Transaction synchronization deregistering SqlSession [org.apache.ibatis.session.defaults.DefaultSqlSession@7676f7a7]
Transaction synchronization closing SqlSession [org.apache.ibatis.session.defaults.DefaultSqlSession@7676f7a7]
2026-05-07 13:47:39.992 DEBUG 30008 --- [nio-8080-exec-1] m.m.a.RequestResponseBodyMethodProcessor : Using 'application/json', given [*/*] and supported [application/json, application/*+json, application/json, application/*+json]
2026-05-07 13:47:39.993 DEBUG 30008 --- [nio-8080-exec-1] m.m.a.RequestResponseBodyMethodProcessor : Writing [com.campus.bookshare.common.Result@165d897e]
2026-05-07 13:47:39.994 DEBUG 30008 --- [nio-8080-exec-1] o.s.web.servlet.DispatcherServlet        : Completed 200 OK
2026-05-07 13:47:41.563 DEBUG 30008 --- [nio-8080-exec-3] s.w.s.m.m.a.RequestMappingHandlerMapping : Mapped to com.campus.bookshare.controller.AuthController#login(LoginDTO)
2026-05-07 13:47:41.563 DEBUG 30008 --- [nio-8080-exec-3] o.s.web.servlet.DispatcherServlet        : POST "/api/auth/login", parameters={}
2026-05-07 13:47:41.565 DEBUG 30008 --- [nio-8080-exec-3] s.w.s.m.m.a.RequestMappingHandlerMapping : Mapped to com.campus.bookshare.controller.AuthController#login(LoginDTO)
2026-05-07 13:47:41.565 DEBUG 30008 --- [nio-8080-exec-3] m.m.a.RequestResponseBodyMethodProcessor : Read "application/json;charset=UTF-8" to [LoginDTO(username=admin, password=123456)]
Creating a new SqlSession
SqlSession [org.apache.ibatis.session.defaults.DefaultSqlSession@22e3bc81] was not registered for synchronization because synchronization is not active
JDBC Connection [HikariProxyConnection@713485057 wrapping com.mysql.cj.jdbc.ConnectionImpl@1542af63] will not be managed by Spring
==>  Preparing: SELECT id,username,password,phone,college,major,grade,points,credit_score,role,status,create_time,update_time FROM user WHERE (username = ?)
==> Parameters: admin(String)
<==    Columns: id, username, password, phone, college, major, grade, points, credit_score, role, status, create_time, update_time
<==        Row: 1, admin, $2a$10$zNC2N6uxZ6wM5FX9oRpQ8e6tRKankHJdTvVpiR0.RJu2qFMYBSjia, 13800000000, 信息工程学院, 信息管理与信息系统, 教师, 200, 100, ADMIN, 1, 2026-05-07 11:14:55, 2026-05-07 11:14:55
<==      Total: 1
Closing non transactional SqlSession [org.apache.ibatis.session.defaults.DefaultSqlSession@22e3bc81]
2026-05-07 13:47:41.653 DEBUG 30008 --- [nio-8080-exec-3] m.m.a.RequestResponseBodyMethodProcessor : Using 'application/json', given [application/json, text/plain, */*] and supported [application/json, application/*+json, application/json, application/*+json]
2026-05-07 13:47:41.653 DEBUG 30008 --- [nio-8080-exec-3] m.m.a.RequestResponseBodyMethodProcessor : Writing [com.campus.bookshare.common.Result@2d72f73b]
2026-05-07 13:47:41.655 DEBUG 30008 --- [nio-8080-exec-3] o.s.web.servlet.DispatcherServlet        : Completed 200 OK
2026-05-07 13:47:41.662 DEBUG 30008 --- [nio-8080-exec-2] s.w.s.m.m.a.RequestMappingHandlerMapping : Mapped to com.campus.bookshare.controller.AuthController#me()
2026-05-07 13:47:41.663 DEBUG 30008 --- [nio-8080-exec-2] o.s.web.servlet.DispatcherServlet        : GET "/api/auth/me", parameters={}
2026-05-07 13:47:41.663 DEBUG 30008 --- [nio-8080-exec-2] s.w.s.m.m.a.RequestMappingHandlerMapping : Mapped to com.campus.bookshare.controller.AuthController#me()
Creating a new SqlSession
SqlSession [org.apache.ibatis.session.defaults.DefaultSqlSession@2f8d1efa] was not registered for synchronization because synchronization is not active
JDBC Connection [HikariProxyConnection@1114093593 wrapping com.mysql.cj.jdbc.ConnectionImpl@3f906f29] will not be managed by Spring
==>  Preparing: SELECT id,username,password,phone,college,major,grade,points,credit_score,role,status,create_time,update_time FROM user WHERE id=?
==> Parameters: 1(Long)
<==    Columns: id, username, password, phone, college, major, grade, points, credit_score, role, status, create_time, update_time
<==        Row: 1, admin, $2a$10$zNC2N6uxZ6wM5FX9oRpQ8e6tRKankHJdTvVpiR0.RJu2qFMYBSjia, 13800000000, 信息工程学院, 信息管理与信息系统, 教师, 200, 100, ADMIN, 1, 2026-05-07 11:14:55, 2026-05-07 11:14:55
<==      Total: 1
Closing non transactional SqlSession [org.apache.ibatis.session.defaults.DefaultSqlSession@2f8d1efa]
2026-05-07 13:47:41.668 DEBUG 30008 --- [nio-8080-exec-2] m.m.a.RequestResponseBodyMethodProcessor : Using 'application/json', given [application/json, text/plain, */*] and supported [application/json, application/*+json, application/json, application/*+json]
2026-05-07 13:47:41.668 DEBUG 30008 --- [nio-8080-exec-2] m.m.a.RequestResponseBodyMethodProcessor : Writing [com.campus.bookshare.common.Result@a78c3f7]
2026-05-07 13:47:41.668 DEBUG 30008 --- [nio-8080-exec-2] o.s.web.servlet.DispatcherServlet        : Completed 200 OK
2026-05-07 13:47:41.825 DEBUG 30008 --- [nio-8080-exec-4] s.w.s.m.m.a.RequestMappingHandlerMapping : Mapped to com.campus.bookshare.controller.AdminBookController#pending()
2026-05-07 13:47:41.825 DEBUG 30008 --- [nio-8080-exec-4] o.s.web.servlet.DispatcherServlet        : GET "/api/admin/books/pending", parameters={}
2026-05-07 13:47:41.825 DEBUG 30008 --- [nio-8080-exec-4] s.w.s.m.m.a.RequestMappingHandlerMapping : Mapped to com.campus.bookshare.controller.AdminBookController#pending()
Creating a new SqlSession
SqlSession [org.apache.ibatis.session.defaults.DefaultSqlSession@75f882e1] was not registered for synchronization because synchronization is not active
JDBC Connection [HikariProxyConnection@862481844 wrapping com.mysql.cj.jdbc.ConnectionImpl@1542af63] will not be managed by Spring
==>  Preparing: SELECT id,owner_id,original_owner_id,category_id,title,author,publisher,course_name,major,condition_level,cover_url,price,share_type,status,circulation_count,description,create_time,update_time FROM book WHERE (status = ?) ORDER BY create_time DESC
==> Parameters: PENDING(String)
<==    Columns: id, owner_id, original_owner_id, category_id, title, author, publisher, course_name, major, condition_level, cover_url, price, share_type, status, circulation_count, description, create_time, update_time
<==        Row: 27, 2, 2, 1, Admin UI Audit Test 1778132859970, Admin Tester, Campus Press, ?????, ????????, ???, , 0.00, DONATE, PENDING, 0, ?????????, 2026-05-07 13:47:39, 2026-05-07 13:47:39
<==        Row: 26, 2, 2, 1, Admin UI Audit Test 1778132742365, Admin Tester, Campus Press, ?????, ????????, ???, , 0.00, DONATE, PENDING, 0, ?????????, 2026-05-07 13:45:42, 2026-05-07 13:45:42
<==        Row: 15, 2, 2, 1, Frontend Donate Test Book 1778126948105, UI Tester, Campus Press, 前端联调课程, 计算机科学与技术, 九成新, https://picsum.photos/400/600, 0.00, DONATE, PENDING, 0, 用于前端联调测试的捐赠书籍, 2026-05-07 12:09:09, 2026-05-07 12:09:09
<==        Row: 14, 2, 2, 1, Frontend Donate Test Book 1778126905075, UI Tester, Campus Press, 前端联调课程, 计算机科学与技术, 九成新, https://picsum.photos/400/600, 0.00, DONATE, PENDING, 0, 用于前端联调测试的捐赠书籍, 2026-05-07 12:08:26, 2026-05-07 12:08:26
<==      Total: 4
Closing non transactional SqlSession [org.apache.ibatis.session.defaults.DefaultSqlSession@75f882e1]
Creating a new SqlSession
SqlSession [org.apache.ibatis.session.defaults.DefaultSqlSession@3a03f53b] was not registered for synchronization because synchronization is not active
JDBC Connection [HikariProxyConnection@199067408 wrapping com.mysql.cj.jdbc.ConnectionImpl@1542af63] will not be managed by Spring
==>  Preparing: SELECT id,name,description,create_time FROM book_category WHERE id=?
==> Parameters: 1(Long)
<==    Columns: id, name, description, create_time
<==        Row: 1, 教材, 课程配套教材, 2026-05-07 11:14:55
<==      Total: 1
Closing non transactional SqlSession [org.apache.ibatis.session.defaults.DefaultSqlSession@3a03f53b]
Creating a new SqlSession
SqlSession [org.apache.ibatis.session.defaults.DefaultSqlSession@28bca268] was not registered for synchronization because synchronization is not active
JDBC Connection [HikariProxyConnection@229847145 wrapping com.mysql.cj.jdbc.ConnectionImpl@1542af63] will not be managed by Spring
==>  Preparing: SELECT id,username,password,phone,college,major,grade,points,credit_score,role,status,create_time,update_time FROM user WHERE id=?
==> Parameters: 2(Long)
<==    Columns: id, username, password, phone, college, major, grade, points, credit_score, role, status, create_time, update_time
<==        Row: 2, zhangsan, $2a$10$zNC2N6uxZ6wM5FX9oRpQ8e6tRKankHJdTvVpiR0.RJu2qFMYBSjia, 13800000001, 计算机学院, 计算机科学与技术, 2022级, 174, 98, USER, 1, 2026-05-07 11:14:55, 2026-05-07 11:14:55
<==      Total: 1
Closing non transactional SqlSession [org.apache.ibatis.session.defaults.DefaultSqlSession@28bca268]
Creating a new SqlSession
SqlSession [org.apache.ibatis.session.defaults.DefaultSqlSession@53d0c852] was not registered for synchronization because synchronization is not active
JDBC Connection [HikariProxyConnection@506630050 wrapping com.mysql.cj.jdbc.ConnectionImpl@1542af63] will not be managed by Spring
==>  Preparing: SELECT id,name,description,create_time FROM book_category WHERE id=?
==> Parameters: 1(Long)
<==    Columns: id, name, description, create_time
<==        Row: 1, 教材, 课程配套教材, 2026-05-07 11:14:55
<==      Total: 1
Closing non transactional SqlSession [org.apache.ibatis.session.defaults.DefaultSqlSession@53d0c852]
Creating a new SqlSession
SqlSession [org.apache.ibatis.session.defaults.DefaultSqlSession@6edde97c] was not registered for synchronization because synchronization is not active
JDBC Connection [HikariProxyConnection@999960237 wrapping com.mysql.cj.jdbc.ConnectionImpl@1542af63] will not be managed by Spring
==>  Preparing: SELECT id,username,password,phone,college,major,grade,points,credit_score,role,status,create_time,update_time FROM user WHERE id=?
==> Parameters: 2(Long)
<==    Columns: id, username, password, phone, college, major, grade, points, credit_score, role, status, create_time, update_time
<==        Row: 2, zhangsan, $2a$10$zNC2N6uxZ6wM5FX9oRpQ8e6tRKankHJdTvVpiR0.RJu2qFMYBSjia, 13800000001, 计算机学院, 计算机科学与技术, 2022级, 174, 98, USER, 1, 2026-05-07 11:14:55, 2026-05-07 11:14:55
<==      Total: 1
Closing non transactional SqlSession [org.apache.ibatis.session.defaults.DefaultSqlSession@6edde97c]
Creating a new SqlSession
SqlSession [org.apache.ibatis.session.defaults.DefaultSqlSession@dd636d1] was not registered for synchronization because synchronization is not active
JDBC Connection [HikariProxyConnection@214018078 wrapping com.mysql.cj.jdbc.ConnectionImpl@1542af63] will not be managed by Spring
==>  Preparing: SELECT id,name,description,create_time FROM book_category WHERE id=?
==> Parameters: 1(Long)
<==    Columns: id, name, description, create_time
<==        Row: 1, 教材, 课程配套教材, 2026-05-07 11:14:55
<==      Total: 1
Closing non transactional SqlSession [org.apache.ibatis.session.defaults.DefaultSqlSession@dd636d1]
Creating a new SqlSession
SqlSession [org.apache.ibatis.session.defaults.DefaultSqlSession@289aedb7] was not registered for synchronization because synchronization is not active
JDBC Connection [HikariProxyConnection@340145867 wrapping com.mysql.cj.jdbc.ConnectionImpl@1542af63] will not be managed by Spring
==>  Preparing: SELECT id,username,password,phone,college,major,grade,points,credit_score,role,status,create_time,update_time FROM user WHERE id=?
==> Parameters: 2(Long)
<==    Columns: id, username, password, phone, college, major, grade, points, credit_score, role, status, create_time, update_time
<==        Row: 2, zhangsan, $2a$10$zNC2N6uxZ6wM5FX9oRpQ8e6tRKankHJdTvVpiR0.RJu2qFMYBSjia, 13800000001, 计算机学院, 计算机科学与技术, 2022级, 174, 98, USER, 1, 2026-05-07 11:14:55, 2026-05-07 11:14:55
<==      Total: 1
Closing non transactional SqlSession [org.apache.ibatis.session.defaults.DefaultSqlSession@289aedb7]
Creating a new SqlSession
SqlSession [org.apache.ibatis.session.defaults.DefaultSqlSession@534740b8] was not registered for synchronization because synchronization is not active
JDBC Connection [HikariProxyConnection@743438386 wrapping com.mysql.cj.jdbc.ConnectionImpl@1542af63] will not be managed by Spring
==>  Preparing: SELECT id,name,description,create_time FROM book_category WHERE id=?
==> Parameters: 1(Long)
<==    Columns: id, name, description, create_time
<==        Row: 1, 教材, 课程配套教材, 2026-05-07 11:14:55
<==      Total: 1
Closing non transactional SqlSession [org.apache.ibatis.session.defaults.DefaultSqlSession@534740b8]
Creating a new SqlSession
SqlSession [org.apache.ibatis.session.defaults.DefaultSqlSession@2b9609ed] was not registered for synchronization because synchronization is not active
JDBC Connection [HikariProxyConnection@1111350951 wrapping com.mysql.cj.jdbc.ConnectionImpl@1542af63] will not be managed by Spring
==>  Preparing: SELECT id,username,password,phone,college,major,grade,points,credit_score,role,status,create_time,update_time FROM user WHERE id=?
==> Parameters: 2(Long)
<==    Columns: id, username, password, phone, college, major, grade, points, credit_score, role, status, create_time, update_time
<==        Row: 2, zhangsan, $2a$10$zNC2N6uxZ6wM5FX9oRpQ8e6tRKankHJdTvVpiR0.RJu2qFMYBSjia, 13800000001, 计算机学院, 计算机科学与技术, 2022级, 174, 98, USER, 1, 2026-05-07 11:14:55, 2026-05-07 11:14:55
<==      Total: 1
Closing non transactional SqlSession [org.apache.ibatis.session.defaults.DefaultSqlSession@2b9609ed]
2026-05-07 13:47:41.866 DEBUG 30008 --- [nio-8080-exec-4] m.m.a.RequestResponseBodyMethodProcessor : Using 'application/json', given [application/json, text/plain, */*] and supported [application/json, application/*+json, application/json, application/*+json]
2026-05-07 13:47:41.867 DEBUG 30008 --- [nio-8080-exec-4] m.m.a.RequestResponseBodyMethodProcessor : Writing [com.campus.bookshare.common.Result@4bb8a30b]
2026-05-07 13:47:41.868 DEBUG 30008 --- [nio-8080-exec-4] o.s.web.servlet.DispatcherServlet        : Completed 200 OK
2026-05-07 13:47:42.054 DEBUG 30008 --- [nio-8080-exec-9] s.w.s.m.m.a.RequestMappingHandlerMapping : Mapped to com.campus.bookshare.controller.AdminBookController#pending()
2026-05-07 13:47:42.055 DEBUG 30008 --- [nio-8080-exec-9] o.s.web.servlet.DispatcherServlet        : GET "/api/admin/books/pending", parameters={}
2026-05-07 13:47:42.056 DEBUG 30008 --- [nio-8080-exec-9] s.w.s.m.m.a.RequestMappingHandlerMapping : Mapped to com.campus.bookshare.controller.AdminBookController#pending()
Creating a new SqlSession
SqlSession [org.apache.ibatis.session.defaults.DefaultSqlSession@70f244c2] was not registered for synchronization because synchronization is not active
JDBC Connection [HikariProxyConnection@1317254146 wrapping com.mysql.cj.jdbc.ConnectionImpl@2b26cc51] will not be managed by Spring
==>  Preparing: SELECT id,owner_id,original_owner_id,category_id,title,author,publisher,course_name,major,condition_level,cover_url,price,share_type,status,circulation_count,description,create_time,update_time FROM book WHERE (status = ?) ORDER BY create_time DESC
==> Parameters: PENDING(String)
<==    Columns: id, owner_id, original_owner_id, category_id, title, author, publisher, course_name, major, condition_level, cover_url, price, share_type, status, circulation_count, description, create_time, update_time
<==        Row: 27, 2, 2, 1, Admin UI Audit Test 1778132859970, Admin Tester, Campus Press, ?????, ????????, ???, , 0.00, DONATE, PENDING, 0, ?????????, 2026-05-07 13:47:39, 2026-05-07 13:47:39
<==        Row: 26, 2, 2, 1, Admin UI Audit Test 1778132742365, Admin Tester, Campus Press, ?????, ????????, ???, , 0.00, DONATE, PENDING, 0, ?????????, 2026-05-07 13:45:42, 2026-05-07 13:45:42
<==        Row: 15, 2, 2, 1, Frontend Donate Test Book 1778126948105, UI Tester, Campus Press, 前端联调课程, 计算机科学与技术, 九成新, https://picsum.photos/400/600, 0.00, DONATE, PENDING, 0, 用于前端联调测试的捐赠书籍, 2026-05-07 12:09:09, 2026-05-07 12:09:09
<==        Row: 14, 2, 2, 1, Frontend Donate Test Book 1778126905075, UI Tester, Campus Press, 前端联调课程, 计算机科学与技术, 九成新, https://picsum.photos/400/600, 0.00, DONATE, PENDING, 0, 用于前端联调测试的捐赠书籍, 2026-05-07 12:08:26, 2026-05-07 12:08:26
<==      Total: 4
Closing non transactional SqlSession [org.apache.ibatis.session.defaults.DefaultSqlSession@70f244c2]
Creating a new SqlSession
SqlSession [org.apache.ibatis.session.defaults.DefaultSqlSession@e00f890] was not registered for synchronization because synchronization is not active
JDBC Connection [HikariProxyConnection@1815509446 wrapping com.mysql.cj.jdbc.ConnectionImpl@2b26cc51] will not be managed by Spring
==>  Preparing: SELECT id,name,description,create_time FROM book_category WHERE id=?
==> Parameters: 1(Long)
<==    Columns: id, name, description, create_time
<==        Row: 1, 教材, 课程配套教材, 2026-05-07 11:14:55
<==      Total: 1
Closing non transactional SqlSession [org.apache.ibatis.session.defaults.DefaultSqlSession@e00f890]
Creating a new SqlSession
SqlSession [org.apache.ibatis.session.defaults.DefaultSqlSession@7a9ffa1e] was not registered for synchronization because synchronization is not active
JDBC Connection [HikariProxyConnection@1934776741 wrapping com.mysql.cj.jdbc.ConnectionImpl@2b26cc51] will not be managed by Spring
==>  Preparing: SELECT id,username,password,phone,college,major,grade,points,credit_score,role,status,create_time,update_time FROM user WHERE id=?
==> Parameters: 2(Long)
<==    Columns: id, username, password, phone, college, major, grade, points, credit_score, role, status, create_time, update_time
<==        Row: 2, zhangsan, $2a$10$zNC2N6uxZ6wM5FX9oRpQ8e6tRKankHJdTvVpiR0.RJu2qFMYBSjia, 13800000001, 计算机学院, 计算机科学与技术, 2022级, 174, 98, USER, 1, 2026-05-07 11:14:55, 2026-05-07 11:14:55
<==      Total: 1
Closing non transactional SqlSession [org.apache.ibatis.session.defaults.DefaultSqlSession@7a9ffa1e]
Creating a new SqlSession
SqlSession [org.apache.ibatis.session.defaults.DefaultSqlSession@2424e9eb] was not registered for synchronization because synchronization is not active
JDBC Connection [HikariProxyConnection@560904315 wrapping com.mysql.cj.jdbc.ConnectionImpl@2b26cc51] will not be managed by Spring
==>  Preparing: SELECT id,name,description,create_time FROM book_category WHERE id=?
==> Parameters: 1(Long)
<==    Columns: id, name, description, create_time
<==        Row: 1, 教材, 课程配套教材, 2026-05-07 11:14:55
<==      Total: 1
Closing non transactional SqlSession [org.apache.ibatis.session.defaults.DefaultSqlSession@2424e9eb]
Creating a new SqlSession
SqlSession [org.apache.ibatis.session.defaults.DefaultSqlSession@43d4eb26] was not registered for synchronization because synchronization is not active
JDBC Connection [HikariProxyConnection@1077684486 wrapping com.mysql.cj.jdbc.ConnectionImpl@2b26cc51] will not be managed by Spring
==>  Preparing: SELECT id,username,password,phone,college,major,grade,points,credit_score,role,status,create_time,update_time FROM user WHERE id=?
==> Parameters: 2(Long)
<==    Columns: id, username, password, phone, college, major, grade, points, credit_score, role, status, create_time, update_time
<==        Row: 2, zhangsan, $2a$10$zNC2N6uxZ6wM5FX9oRpQ8e6tRKankHJdTvVpiR0.RJu2qFMYBSjia, 13800000001, 计算机学院, 计算机科学与技术, 2022级, 174, 98, USER, 1, 2026-05-07 11:14:55, 2026-05-07 11:14:55
<==      Total: 1
Closing non transactional SqlSession [org.apache.ibatis.session.defaults.DefaultSqlSession@43d4eb26]
Creating a new SqlSession
SqlSession [org.apache.ibatis.session.defaults.DefaultSqlSession@56832842] was not registered for synchronization because synchronization is not active
JDBC Connection [HikariProxyConnection@845833327 wrapping com.mysql.cj.jdbc.ConnectionImpl@2b26cc51] will not be managed by Spring
==>  Preparing: SELECT id,name,description,create_time FROM book_category WHERE id=?
==> Parameters: 1(Long)
<==    Columns: id, name, description, create_time
<==        Row: 1, 教材, 课程配套教材, 2026-05-07 11:14:55
<==      Total: 1
Closing non transactional SqlSession [org.apache.ibatis.session.defaults.DefaultSqlSession@56832842]
Creating a new SqlSession
SqlSession [org.apache.ibatis.session.defaults.DefaultSqlSession@2821046c] was not registered for synchronization because synchronization is not active
JDBC Connection [HikariProxyConnection@1731192850 wrapping com.mysql.cj.jdbc.ConnectionImpl@2b26cc51] will not be managed by Spring
==>  Preparing: SELECT id,username,password,phone,college,major,grade,points,credit_score,role,status,create_time,update_time FROM user WHERE id=?
==> Parameters: 2(Long)
<==    Columns: id, username, password, phone, college, major, grade, points, credit_score, role, status, create_time, update_time
<==        Row: 2, zhangsan, $2a$10$zNC2N6uxZ6wM5FX9oRpQ8e6tRKankHJdTvVpiR0.RJu2qFMYBSjia, 13800000001, 计算机学院, 计算机科学与技术, 2022级, 174, 98, USER, 1, 2026-05-07 11:14:55, 2026-05-07 11:14:55
<==      Total: 1
Closing non transactional SqlSession [org.apache.ibatis.session.defaults.DefaultSqlSession@2821046c]
Creating a new SqlSession
SqlSession [org.apache.ibatis.session.defaults.DefaultSqlSession@6d2a109e] was not registered for synchronization because synchronization is not active
JDBC Connection [HikariProxyConnection@1300790067 wrapping com.mysql.cj.jdbc.ConnectionImpl@2b26cc51] will not be managed by Spring
==>  Preparing: SELECT id,name,description,create_time FROM book_category WHERE id=?
==> Parameters: 1(Long)
<==    Columns: id, name, description, create_time
<==        Row: 1, 教材, 课程配套教材, 2026-05-07 11:14:55
<==      Total: 1
Closing non transactional SqlSession [org.apache.ibatis.session.defaults.DefaultSqlSession@6d2a109e]
Creating a new SqlSession
SqlSession [org.apache.ibatis.session.defaults.DefaultSqlSession@6e4ff542] was not registered for synchronization because synchronization is not active
JDBC Connection [HikariProxyConnection@1406973685 wrapping com.mysql.cj.jdbc.ConnectionImpl@2b26cc51] will not be managed by Spring
==>  Preparing: SELECT id,username,password,phone,college,major,grade,points,credit_score,role,status,create_time,update_time FROM user WHERE id=?
==> Parameters: 2(Long)
<==    Columns: id, username, password, phone, college, major, grade, points, credit_score, role, status, create_time, update_time
<==        Row: 2, zhangsan, $2a$10$zNC2N6uxZ6wM5FX9oRpQ8e6tRKankHJdTvVpiR0.RJu2qFMYBSjia, 13800000001, 计算机学院, 计算机科学与技术, 2022级, 174, 98, USER, 1, 2026-05-07 11:14:55, 2026-05-07 11:14:55
<==      Total: 1
Closing non transactional SqlSession [org.apache.ibatis.session.defaults.DefaultSqlSession@6e4ff542]
2026-05-07 13:47:42.092 DEBUG 30008 --- [nio-8080-exec-9] m.m.a.RequestResponseBodyMethodProcessor : Using 'application/json', given [application/json, text/plain, */*] and supported [application/json, application/*+json, application/json, application/*+json]
2026-05-07 13:47:42.093 DEBUG 30008 --- [nio-8080-exec-9] m.m.a.RequestResponseBodyMethodProcessor : Writing [com.campus.bookshare.common.Result@737d7023]
2026-05-07 13:47:42.094 DEBUG 30008 --- [nio-8080-exec-9] o.s.web.servlet.DispatcherServlet        : Completed 200 OK
2026-05-07 13:47:43.950 DEBUG 30008 --- [nio-8080-exec-8] s.w.s.m.m.a.RequestMappingHandlerMapping : Mapped to com.campus.bookshare.controller.AdminBookController#approve(Long)
2026-05-07 13:47:43.950 DEBUG 30008 --- [nio-8080-exec-8] o.s.web.servlet.DispatcherServlet        : PUT "/api/admin/books/27/approve", parameters={}
2026-05-07 13:47:43.950 DEBUG 30008 --- [nio-8080-exec-8] s.w.s.m.m.a.RequestMappingHandlerMapping : Mapped to com.campus.bookshare.controller.AdminBookController#approve(Long)
Creating a new SqlSession
Registering transaction synchronization for SqlSession [org.apache.ibatis.session.defaults.DefaultSqlSession@56524455]
JDBC Connection [HikariProxyConnection@1886487549 wrapping com.mysql.cj.jdbc.ConnectionImpl@1542af63] will be managed by Spring
==>  Preparing: SELECT id,owner_id,original_owner_id,category_id,title,author,publisher,course_name,major,condition_level,cover_url,price,share_type,status,circulation_count,description,create_time,update_time FROM book WHERE id=?
==> Parameters: 27(Long)
<==    Columns: id, owner_id, original_owner_id, category_id, title, author, publisher, course_name, major, condition_level, cover_url, price, share_type, status, circulation_count, description, create_time, update_time
<==        Row: 27, 2, 2, 1, Admin UI Audit Test 1778132859970, Admin Tester, Campus Press, ?????, ????????, ???, , 0.00, DONATE, PENDING, 0, ?????????, 2026-05-07 13:47:39, 2026-05-07 13:47:39
<==      Total: 1
Releasing transactional SqlSession [org.apache.ibatis.session.defaults.DefaultSqlSession@56524455]
Fetched SqlSession [org.apache.ibatis.session.defaults.DefaultSqlSession@56524455] from current transaction
==>  Preparing: UPDATE book SET owner_id=?, original_owner_id=?, category_id=?, title=?, author=?, publisher=?, course_name=?, major=?, condition_level=?, cover_url=?, price=?, share_type=?, status=?, circulation_count=?, description=?, create_time=?, update_time=? WHERE id=?
==> Parameters: 2(Long), 2(Long), 1(Long), Admin UI Audit Test 1778132859970(String), Admin Tester(String), Campus Press(String), ?????(String), ????????(String), ???(String), (String), 0.00(BigDecimal), DONATE(String), ON_SHELF(String), 0(Integer), ?????????(String), 2026-05-07 13:47:39.0(Timestamp), 2026-05-07 13:47:39.0(Timestamp), 27(Long)
<==    Updates: 1
Releasing transactional SqlSession [org.apache.ibatis.session.defaults.DefaultSqlSession@56524455]
Fetched SqlSession [org.apache.ibatis.session.defaults.DefaultSqlSession@56524455] from current transaction
==>  Preparing: SELECT id,username,password,phone,college,major,grade,points,credit_score,role,status,create_time,update_time FROM user WHERE id=?
==> Parameters: 2(Long)
<==    Columns: id, username, password, phone, college, major, grade, points, credit_score, role, status, create_time, update_time
<==        Row: 2, zhangsan, $2a$10$zNC2N6uxZ6wM5FX9oRpQ8e6tRKankHJdTvVpiR0.RJu2qFMYBSjia, 13800000001, 计算机学院, 计算机科学与技术, 2022级, 174, 98, USER, 1, 2026-05-07 11:14:55, 2026-05-07 11:14:55
<==      Total: 1
Releasing transactional SqlSession [org.apache.ibatis.session.defaults.DefaultSqlSession@56524455]
Fetched SqlSession [org.apache.ibatis.session.defaults.DefaultSqlSession@56524455] from current transaction
==>  Preparing: UPDATE user SET username=?, password=?, phone=?, college=?, major=?, grade=?, points=?, credit_score=?, role=?, status=?, create_time=?, update_time=? WHERE id=?
==> Parameters: zhangsan(String), $2a$10$zNC2N6uxZ6wM5FX9oRpQ8e6tRKankHJdTvVpiR0.RJu2qFMYBSjia(String), 13800000001(String), 计算机学院(String), 计算机科学与技术(String), 2022级(String), 176(Integer), 98(Integer), USER(String), 1(Integer), 2026-05-07 11:14:55.0(Timestamp), 2026-05-07 11:14:55.0(Timestamp), 2(Long)
<==    Updates: 1
Releasing transactional SqlSession [org.apache.ibatis.session.defaults.DefaultSqlSession@56524455]
Fetched SqlSession [org.apache.ibatis.session.defaults.DefaultSqlSession@56524455] from current transaction
==>  Preparing: INSERT INTO points_record ( user_id, points_change, source_type, description, create_time ) VALUES ( ?, ?, ?, ?, ? )
==> Parameters: 2(Long), 2(Integer), BOOK_APPROVED(String), 书籍审核通过，积分+2(String), 2026-05-07 13:47:43.979(Timestamp)
<==    Updates: 1
Releasing transactional SqlSession [org.apache.ibatis.session.defaults.DefaultSqlSession@56524455]
Transaction synchronization committing SqlSession [org.apache.ibatis.session.defaults.DefaultSqlSession@56524455]
Transaction synchronization deregistering SqlSession [org.apache.ibatis.session.defaults.DefaultSqlSession@56524455]
Transaction synchronization closing SqlSession [org.apache.ibatis.session.defaults.DefaultSqlSession@56524455]
2026-05-07 13:47:43.991 DEBUG 30008 --- [nio-8080-exec-8] m.m.a.RequestResponseBodyMethodProcessor : Using 'application/json', given [application/json, text/plain, */*] and supported [application/json, application/*+json, application/json, application/*+json]
2026-05-07 13:47:43.991 DEBUG 30008 --- [nio-8080-exec-8] m.m.a.RequestResponseBodyMethodProcessor : Writing [com.campus.bookshare.common.Result@7124b6c1]
2026-05-07 13:47:43.993 DEBUG 30008 --- [nio-8080-exec-8] o.s.web.servlet.DispatcherServlet        : Completed 200 OK
2026-05-07 13:47:44.002 DEBUG 30008 --- [io-8080-exec-10] s.w.s.m.m.a.RequestMappingHandlerMapping : Mapped to com.campus.bookshare.controller.AdminBookController#pending()
2026-05-07 13:47:44.003 DEBUG 30008 --- [io-8080-exec-10] o.s.web.servlet.DispatcherServlet        : GET "/api/admin/books/pending", parameters={}
2026-05-07 13:47:44.003 DEBUG 30008 --- [io-8080-exec-10] s.w.s.m.m.a.RequestMappingHandlerMapping : Mapped to com.campus.bookshare.controller.AdminBookController#pending()
Creating a new SqlSession
SqlSession [org.apache.ibatis.session.defaults.DefaultSqlSession@38740443] was not registered for synchronization because synchronization is not active
JDBC Connection [HikariProxyConnection@1253930863 wrapping com.mysql.cj.jdbc.ConnectionImpl@1542af63] will not be managed by Spring
==>  Preparing: SELECT id,owner_id,original_owner_id,category_id,title,author,publisher,course_name,major,condition_level,cover_url,price,share_type,status,circulation_count,description,create_time,update_time FROM book WHERE (status = ?) ORDER BY create_time DESC
==> Parameters: PENDING(String)
<==    Columns: id, owner_id, original_owner_id, category_id, title, author, publisher, course_name, major, condition_level, cover_url, price, share_type, status, circulation_count, description, create_time, update_time
<==        Row: 26, 2, 2, 1, Admin UI Audit Test 1778132742365, Admin Tester, Campus Press, ?????, ????????, ???, , 0.00, DONATE, PENDING, 0, ?????????, 2026-05-07 13:45:42, 2026-05-07 13:45:42
<==        Row: 15, 2, 2, 1, Frontend Donate Test Book 1778126948105, UI Tester, Campus Press, 前端联调课程, 计算机科学与技术, 九成新, https://picsum.photos/400/600, 0.00, DONATE, PENDING, 0, 用于前端联调测试的捐赠书籍, 2026-05-07 12:09:09, 2026-05-07 12:09:09
<==        Row: 14, 2, 2, 1, Frontend Donate Test Book 1778126905075, UI Tester, Campus Press, 前端联调课程, 计算机科学与技术, 九成新, https://picsum.photos/400/600, 0.00, DONATE, PENDING, 0, 用于前端联调测试的捐赠书籍, 2026-05-07 12:08:26, 2026-05-07 12:08:26
<==      Total: 3
Closing non transactional SqlSession [org.apache.ibatis.session.defaults.DefaultSqlSession@38740443]
Creating a new SqlSession
SqlSession [org.apache.ibatis.session.defaults.DefaultSqlSession@486251c8] was not registered for synchronization because synchronization is not active
JDBC Connection [HikariProxyConnection@1353454235 wrapping com.mysql.cj.jdbc.ConnectionImpl@1542af63] will not be managed by Spring
==>  Preparing: SELECT id,name,description,create_time FROM book_category WHERE id=?
==> Parameters: 1(Long)
<==    Columns: id, name, description, create_time
<==        Row: 1, 教材, 课程配套教材, 2026-05-07 11:14:55
<==      Total: 1
Closing non transactional SqlSession [org.apache.ibatis.session.defaults.DefaultSqlSession@486251c8]
Creating a new SqlSession
SqlSession [org.apache.ibatis.session.defaults.DefaultSqlSession@3d3d0e4d] was not registered for synchronization because synchronization is not active
JDBC Connection [HikariProxyConnection@1737225267 wrapping com.mysql.cj.jdbc.ConnectionImpl@1542af63] will not be managed by Spring
==>  Preparing: SELECT id,username,password,phone,college,major,grade,points,credit_score,role,status,create_time,update_time FROM user WHERE id=?
==> Parameters: 2(Long)
<==    Columns: id, username, password, phone, college, major, grade, points, credit_score, role, status, create_time, update_time
<==        Row: 2, zhangsan, $2a$10$zNC2N6uxZ6wM5FX9oRpQ8e6tRKankHJdTvVpiR0.RJu2qFMYBSjia, 13800000001, 计算机学院, 计算机科学与技术, 2022级, 176, 98, USER, 1, 2026-05-07 11:14:55, 2026-05-07 11:14:55
<==      Total: 1
Closing non transactional SqlSession [org.apache.ibatis.session.defaults.DefaultSqlSession@3d3d0e4d]
Creating a new SqlSession
SqlSession [org.apache.ibatis.session.defaults.DefaultSqlSession@7e2e65ec] was not registered for synchronization because synchronization is not active
JDBC Connection [HikariProxyConnection@733238018 wrapping com.mysql.cj.jdbc.ConnectionImpl@1542af63] will not be managed by Spring
==>  Preparing: SELECT id,name,description,create_time FROM book_category WHERE id=?
==> Parameters: 1(Long)
<==    Columns: id, name, description, create_time
<==        Row: 1, 教材, 课程配套教材, 2026-05-07 11:14:55
<==      Total: 1
Closing non transactional SqlSession [org.apache.ibatis.session.defaults.DefaultSqlSession@7e2e65ec]
Creating a new SqlSession
SqlSession [org.apache.ibatis.session.defaults.DefaultSqlSession@5c3ed75e] was not registered for synchronization because synchronization is not active
JDBC Connection [HikariProxyConnection@1370671152 wrapping com.mysql.cj.jdbc.ConnectionImpl@1542af63] will not be managed by Spring
==>  Preparing: SELECT id,username,password,phone,college,major,grade,points,credit_score,role,status,create_time,update_time FROM user WHERE id=?
==> Parameters: 2(Long)
<==    Columns: id, username, password, phone, college, major, grade, points, credit_score, role, status, create_time, update_time
<==        Row: 2, zhangsan, $2a$10$zNC2N6uxZ6wM5FX9oRpQ8e6tRKankHJdTvVpiR0.RJu2qFMYBSjia, 13800000001, 计算机学院, 计算机科学与技术, 2022级, 176, 98, USER, 1, 2026-05-07 11:14:55, 2026-05-07 11:14:55
<==      Total: 1
Closing non transactional SqlSession [org.apache.ibatis.session.defaults.DefaultSqlSession@5c3ed75e]
Creating a new SqlSession
SqlSession [org.apache.ibatis.session.defaults.DefaultSqlSession@7b13d926] was not registered for synchronization because synchronization is not active
JDBC Connection [HikariProxyConnection@1371366717 wrapping com.mysql.cj.jdbc.ConnectionImpl@1542af63] will not be managed by Spring
==>  Preparing: SELECT id,name,description,create_time FROM book_category WHERE id=?
==> Parameters: 1(Long)
<==    Columns: id, name, description, create_time
<==        Row: 1, 教材, 课程配套教材, 2026-05-07 11:14:55
<==      Total: 1
Closing non transactional SqlSession [org.apache.ibatis.session.defaults.DefaultSqlSession@7b13d926]
Creating a new SqlSession
SqlSession [org.apache.ibatis.session.defaults.DefaultSqlSession@73912e71] was not registered for synchronization because synchronization is not active
JDBC Connection [HikariProxyConnection@372118476 wrapping com.mysql.cj.jdbc.ConnectionImpl@1542af63] will not be managed by Spring
==>  Preparing: SELECT id,username,password,phone,college,major,grade,points,credit_score,role,status,create_time,update_time FROM user WHERE id=?
==> Parameters: 2(Long)
<==    Columns: id, username, password, phone, college, major, grade, points, credit_score, role, status, create_time, update_time
<==        Row: 2, zhangsan, $2a$10$zNC2N6uxZ6wM5FX9oRpQ8e6tRKankHJdTvVpiR0.RJu2qFMYBSjia, 13800000001, 计算机学院, 计算机科学与技术, 2022级, 176, 98, USER, 1, 2026-05-07 11:14:55, 2026-05-07 11:14:55
<==      Total: 1
Closing non transactional SqlSession [org.apache.ibatis.session.defaults.DefaultSqlSession@73912e71]
2026-05-07 13:47:44.032 DEBUG 30008 --- [io-8080-exec-10] m.m.a.RequestResponseBodyMethodProcessor : Using 'application/json', given [application/json, text/plain, */*] and supported [application/json, application/*+json, application/json, application/*+json]
2026-05-07 13:47:44.032 DEBUG 30008 --- [io-8080-exec-10] m.m.a.RequestResponseBodyMethodProcessor : Writing [com.campus.bookshare.common.Result@7472f30f]
2026-05-07 13:47:44.033 DEBUG 30008 --- [io-8080-exec-10] o.s.web.servlet.DispatcherServlet        : Completed 200 OK
2026-05-07 13:47:44.053 DEBUG 30008 --- [nio-8080-exec-5] s.w.s.m.m.a.RequestMappingHandlerMapping : Mapped to com.campus.bookshare.controller.AuthController#login(LoginDTO)
2026-05-07 13:47:44.055 DEBUG 30008 --- [nio-8080-exec-5] o.s.web.servlet.DispatcherServlet        : POST "/api/auth/login", parameters={}
2026-05-07 13:47:44.056 DEBUG 30008 --- [nio-8080-exec-5] s.w.s.m.m.a.RequestMappingHandlerMapping : Mapped to com.campus.bookshare.controller.AuthController#login(LoginDTO)
2026-05-07 13:47:44.057 DEBUG 30008 --- [nio-8080-exec-5] m.m.a.RequestResponseBodyMethodProcessor : Read "application/json;charset=UTF-8" to [LoginDTO(username=admin, password=123456)]
Creating a new SqlSession
SqlSession [org.apache.ibatis.session.defaults.DefaultSqlSession@6cfce8fe] was not registered for synchronization because synchronization is not active
JDBC Connection [HikariProxyConnection@1348153395 wrapping com.mysql.cj.jdbc.ConnectionImpl@3f906f29] will not be managed by Spring
==>  Preparing: SELECT id,username,password,phone,college,major,grade,points,credit_score,role,status,create_time,update_time FROM user WHERE (username = ?)
==> Parameters: admin(String)
<==    Columns: id, username, password, phone, college, major, grade, points, credit_score, role, status, create_time, update_time
<==        Row: 1, admin, $2a$10$zNC2N6uxZ6wM5FX9oRpQ8e6tRKankHJdTvVpiR0.RJu2qFMYBSjia, 13800000000, 信息工程学院, 信息管理与信息系统, 教师, 200, 100, ADMIN, 1, 2026-05-07 11:14:55, 2026-05-07 11:14:55
<==      Total: 1
Closing non transactional SqlSession [org.apache.ibatis.session.defaults.DefaultSqlSession@6cfce8fe]
2026-05-07 13:47:44.146 DEBUG 30008 --- [nio-8080-exec-5] m.m.a.RequestResponseBodyMethodProcessor : Using 'application/json', given [*/*] and supported [application/json, application/*+json, application/json, application/*+json]
2026-05-07 13:47:44.147 DEBUG 30008 --- [nio-8080-exec-5] m.m.a.RequestResponseBodyMethodProcessor : Writing [com.campus.bookshare.common.Result@7788dd2c]
2026-05-07 13:47:44.148 DEBUG 30008 --- [nio-8080-exec-5] o.s.web.servlet.DispatcherServlet        : Completed 200 OK
2026-05-07 13:47:44.151 DEBUG 30008 --- [nio-8080-exec-6] s.w.s.m.m.a.RequestMappingHandlerMapping : Mapped to com.campus.bookshare.controller.AdminBookController#list(BookQueryDTO, String)
2026-05-07 13:47:44.151 DEBUG 30008 --- [nio-8080-exec-6] o.s.web.servlet.DispatcherServlet        : GET "/api/admin/books?status=ON_SHELF&keyword=Admin%20UI%20Audit%20Test%201778132859970", parameters={masked}
2026-05-07 13:47:44.152 DEBUG 30008 --- [nio-8080-exec-6] s.w.s.m.m.a.RequestMappingHandlerMapping : Mapped to com.campus.bookshare.controller.AdminBookController#list(BookQueryDTO, String)
Creating a new SqlSession
SqlSession [org.apache.ibatis.session.defaults.DefaultSqlSession@66018784] was not registered for synchronization because synchronization is not active
JDBC Connection [HikariProxyConnection@217892533 wrapping com.mysql.cj.jdbc.ConnectionImpl@1542af63] will not be managed by Spring
==>  Preparing: SELECT id,owner_id,original_owner_id,category_id,title,author,publisher,course_name,major,condition_level,cover_url,price,share_type,status,circulation_count,description,create_time,update_time FROM book WHERE ((title LIKE ? OR author LIKE ? OR description LIKE ?) AND status = ?) ORDER BY create_time DESC
==> Parameters: %Admin UI Audit Test 1778132859970%(String), %Admin UI Audit Test 1778132859970%(String), %Admin UI Audit Test 1778132859970%(String), ON_SHELF(String)
<==    Columns: id, owner_id, original_owner_id, category_id, title, author, publisher, course_name, major, condition_level, cover_url, price, share_type, status, circulation_count, description, create_time, update_time
<==        Row: 27, 2, 2, 1, Admin UI Audit Test 1778132859970, Admin Tester, Campus Press, ?????, ????????, ???, , 0.00, DONATE, ON_SHELF, 0, ?????????, 2026-05-07 13:47:39, 2026-05-07 13:47:39
<==      Total: 1
Closing non transactional SqlSession [org.apache.ibatis.session.defaults.DefaultSqlSession@66018784]
Creating a new SqlSession
SqlSession [org.apache.ibatis.session.defaults.DefaultSqlSession@31728905] was not registered for synchronization because synchronization is not active
JDBC Connection [HikariProxyConnection@2146253801 wrapping com.mysql.cj.jdbc.ConnectionImpl@1542af63] will not be managed by Spring
==>  Preparing: SELECT id,name,description,create_time FROM book_category WHERE id=?
==> Parameters: 1(Long)
<==    Columns: id, name, description, create_time
<==        Row: 1, 教材, 课程配套教材, 2026-05-07 11:14:55
<==      Total: 1
Closing non transactional SqlSession [org.apache.ibatis.session.defaults.DefaultSqlSession@31728905]
Creating a new SqlSession
SqlSession [org.apache.ibatis.session.defaults.DefaultSqlSession@29b1576a] was not registered for synchronization because synchronization is not active
JDBC Connection [HikariProxyConnection@204397048 wrapping com.mysql.cj.jdbc.ConnectionImpl@1542af63] will not be managed by Spring
==>  Preparing: SELECT id,username,password,phone,college,major,grade,points,credit_score,role,status,create_time,update_time FROM user WHERE id=?
==> Parameters: 2(Long)
<==    Columns: id, username, password, phone, college, major, grade, points, credit_score, role, status, create_time, update_time
<==        Row: 2, zhangsan, $2a$10$zNC2N6uxZ6wM5FX9oRpQ8e6tRKankHJdTvVpiR0.RJu2qFMYBSjia, 13800000001, 计算机学院, 计算机科学与技术, 2022级, 176, 98, USER, 1, 2026-05-07 11:14:55, 2026-05-07 11:14:55
<==      Total: 1
Closing non transactional SqlSession [org.apache.ibatis.session.defaults.DefaultSqlSession@29b1576a]
2026-05-07 13:47:44.168 DEBUG 30008 --- [nio-8080-exec-6] m.m.a.RequestResponseBodyMethodProcessor : Using 'application/json', given [*/*] and supported [application/json, application/*+json, application/json, application/*+json]
2026-05-07 13:47:44.168 DEBUG 30008 --- [nio-8080-exec-6] m.m.a.RequestResponseBodyMethodProcessor : Writing [com.campus.bookshare.common.Result@7b3ba182]
2026-05-07 13:47:44.168 DEBUG 30008 --- [nio-8080-exec-6] o.s.web.servlet.DispatcherServlet        : Completed 200 OK
